subj_idx,group,emotion,rt,response
manit,ADHD,Happiness,0.718138500116765,1
manit,ADHD,Disgust,1.43829260021448,1
manit,ADHD,Happiness,1.9103278000839,1
manit,ADHD,Anger,3.92082200013101,1
manit,ADHD,Disgust,9.67412510002032,0
manit,ADHD,Surprise,1.11965620005503,1
manit,ADHD,Disgust,1.38612690009176,1
manit,ADHD,Happiness,0.297885499894619,1
manit,ADHD,Surprise,0.670178200118243,0
manit,ADHD,Fear,1.27981329988688,0
manit,ADHD,Surprise,0.574825699906796,1
manit,ADHD,Sadness,1.7080584000796,1
manit,ADHD,Sadness,0.32318259961903,1
manit,ADHD,Happiness,0.676887799985706,1
manit,ADHD,Anger,4.50223390012979,1
manit,ADHD,Sadness,0.568277699872851,0
manit,ADHD,Disgust,1.61123130004853,1
manit,ADHD,Anger,0.37130679981783,1
manit,ADHD,Fear,1.11763959983363,0
manit,ADHD,Sadness,4.80703940009698,0
manit,ADHD,Sadness,1.1277840998955,0
manit,ADHD,Sadness,6.338378299959,0
manit,ADHD,Fear,7.85596759989857,1
manit,ADHD,Happiness,0.280856899917125,1
manit,ADHD,Anger,1.67512340005487,0
manit,ADHD,Fear,0.794952299911528,0
manit,ADHD,Disgust,0.33638220001012,1
manit,ADHD,Surprise,0.256802100222557,1
manit,ADHD,Sadness,0.534029300324618,1
manit,ADHD,Anger,0.310847400221973,1
manit,ADHD,Happiness,0.20344700012356,1
manit,ADHD,Disgust,4.92405219981446,0
manit,ADHD,Surprise,1.86539250006899,1
manit,ADHD,Happiness,1.61083830008283,1
manit,ADHD,Disgust,3.25908860005438,0
manit,ADHD,Happiness,1.60911790002137,1
manit,ADHD,Fear,3.49397559976205,0
manit,ADHD,Surprise,0.233482900075614,1
manit,ADHD,Fear,1.10843899985775,0
manit,ADHD,Surprise,5.20928139984607,1
manit,ADHD,Disgust,1.86703209998086,1
manit,ADHD,Fear,5.4639721000567,0
harshit,NORMAL,Happiness,3.00329820001206,0
harshit,NORMAL,Disgust,1.31704810001247,0
harshit,NORMAL,Sadness,7.99342669999168,1
harshit,NORMAL,Anger,3.2669004999916,1
harshit,NORMAL,Sadness,2.94190950000484,0
harshit,NORMAL,Surprise,3.98016479999932,0
harshit,NORMAL,Disgust,0.359972700010985,0
harshit,NORMAL,Happiness,0.930709599997499,0
harshit,NORMAL,Fear,1.03439150001213,1
harshit,NORMAL,Surprise,0.74585210000805,0
harshit,NORMAL,Surprise,2.42960570000286,0
harshit,NORMAL,Happiness,2.01340450000134,0
harshit,NORMAL,Disgust,2.28967569999804,0
harshit,NORMAL,Sadness,1.42709859999013,1
harshit,NORMAL,Anger,0.887572399995406,0
harshit,NORMAL,Disgust,1.25535800000943,0
harshit,NORMAL,Surprise,0.872071999998297,0
harshit,NORMAL,Happiness,1.27447109999775,0
harshit,NORMAL,Fear,4.97306299999763,1
harshit,NORMAL,Happiness,0.471536199998809,0
harshit,NORMAL,Disgust,2.88559549998899,0
harshit,NORMAL,Fear,2.1668323999911,0
harshit,NORMAL,Happiness,0.272610999993048,1
harshit,NORMAL,Sadness,0.249041199989733,0
harshit,NORMAL,Sadness,0.987446700004511,0
harshit,NORMAL,Surprise,1.60138589999405,1
harshit,NORMAL,Anger,0.602081999997608,0
harshit,NORMAL,Disgust,8.26675539999269,0
harshit,NORMAL,Anger,1.58130810000875,0
harshit,NORMAL,Anger,1.9517557999934,1
harshit,NORMAL,Fear,4.40245069999946,0
harshit,NORMAL,Fear,3.19168869999703,0
harshit,NORMAL,Anger,3.61622899999201,0
harshit,NORMAL,Fear,1.02789709999342,0
harshit,NORMAL,Sadness,3.01396890000614,0
harshit,NORMAL,Sadness,0.857082599992281,0
harshit,NORMAL,Fear,3.12535080000816,0
harshit,NORMAL,Happiness,1.17062419999274,0
harshit,NORMAL,Surprise,0.588082599992048,0
harshit,NORMAL,Anger,4.96488080000563,1
harshit,NORMAL,Surprise,0.6336641000089,1
harshit,NORMAL,Fear,3.28003370000806,0
harshit,NORMAL,Anger,1.92278790001,1
harshit,NORMAL,Surprise,0.419555200001923,0
harshit,NORMAL,Happiness,0.596739100001286,0
harshit,NORMAL,Sadness,1.50852299999678,0
harshit,NORMAL,Disgust,1.35985459999938,0
aditya,ADHD,Fear,6.54198650037869,0
aditya,ADHD,Fear,5.3734206999652,1
aditya,ADHD,Anger,0.286809700075536,1
aditya,ADHD,Anger,2.83668360020965,0
aditya,ADHD,Fear,0.315588900353759,0
aditya,ADHD,Surprise,7.59326149988919,0
aditya,ADHD,Surprise,4.46271150000393,0
aditya,ADHD,Disgust,0.355264000128954,0
aditya,ADHD,Anger,1.0144719001837,0
aditya,ADHD,Happiness,0.465980899985879,1
aditya,ADHD,Surprise,0.37402160000056,0
aditya,ADHD,Disgust,6.83486060006544,0
aditya,ADHD,Anger,5.47284120041877,0
aditya,ADHD,Surprise,0.488963100127875,0
aditya,ADHD,Disgust,0.317946000024676,0
aditya,ADHD,Sadness,7.07809300022199,1
aditya,ADHD,Sadness,7.34146359981969,0
aditya,ADHD,Anger,2.1087499000132,0
aditya,ADHD,Surprise,6.64227729989215,1
aditya,ADHD,Happiness,1.36002759961411,1
aditya,ADHD,Sadness,2.2093842998147,0
aditya,ADHD,Sadness,9.79723870009183,0
aditya,ADHD,Disgust,0.231545099988579,0
aditya,ADHD,Disgust,5.09853630000725,0
aditya,ADHD,Fear,3.30987179977819,0
aditya,ADHD,Anger,6.3011143002659,0
aditya,ADHD,Disgust,1.52654240000993,0
aditya,ADHD,Sadness,6.17322210036218,0
aditya,ADHD,Happiness,0.629889199975878,1
aditya,ADHD,Surprise,0.319212900009006,0
aditya,ADHD,Happiness,2.26247960003092,1
aditya,ADHD,Surprise,1.63372769998386,1
aditya,ADHD,Fear,3.16417359979823,0
aditya,ADHD,Fear,2.39442080026492,1
aditya,ADHD,Happiness,1.00678909989073,1
aditya,ADHD,Sadness,0.844096899963915,1
aditya,ADHD,Fear,3.34454850014299,0
aditya,ADHD,Happiness,0.269305699970573,1
aditya,ADHD,Happiness,0.389012699946761,1
aditya,ADHD,Happiness,0.654409400187432,0
aditya,ADHD,Disgust,2.02253600023686,0
amrit(C),ADHD,Happiness,0.590844899998046,1
amrit(C),ADHD,Happiness,2.02991010004188,1
amrit(C),ADHD,Sadness,4.04445859999395,0
amrit(C),ADHD,Disgust,4.86445150000508,0
amrit(C),ADHD,Anger,8.05909070000052,1
amrit(C),ADHD,Fear,6.86434789991471,1
amrit(C),ADHD,Disgust,8.80714200006332,1
amrit(C),ADHD,Sadness,2.48116640001535,1
amrit(C),ADHD,Surprise,0.692020699963904,0
amrit(C),ADHD,Fear,3.02683220000471,1
amrit(C),ADHD,Anger,1.9886061999714,1
amrit(C),ADHD,Happiness,3.10511080001015,1
amrit(C),ADHD,Fear,1.63676890009082,0
amrit(C),ADHD,Disgust,3.74010119994636,0
amrit(C),ADHD,Anger,4.21341240010224,0
amrit(C),ADHD,Sadness,1.78140659991186,0
amrit(C),ADHD,Happiness,2.13019600010011,1
amrit(C),ADHD,Surprise,0.741784599958919,0
amrit(C),ADHD,Surprise,2.63136210001539,1
amrit(C),ADHD,Surprise,0.795577400014735,0
amrit(C),ADHD,Disgust,3.23971859994344,0
amrit(C),ADHD,Fear,5.55699720000848,1
amrit(C),ADHD,Happiness,1.06869089999236,1
amrit(C),ADHD,Disgust,5.16220509994309,0
amrit(C),ADHD,Sadness,2.13275270001031,1
amrit(C),ADHD,Disgust,0.320770899998024,0
amrit(C),ADHD,Fear,0.864883999922312,0
amrit(C),ADHD,Happiness,3.57057089998852,1
amrit(C),ADHD,Anger,4.07542709994595,0
amrit(C),ADHD,Surprise,3.81032759998925,1
amrit(C),ADHD,Anger,1.57630529999732,0
amrit(C),ADHD,Anger,3.16642899997532,0
amrit(C),ADHD,Surprise,2.18206270004156,0
amrit(C),ADHD,Sadness,3.55665709997992,1
amrit(C),ADHD,Sadness,0.941092099994421,0
amrit(C),ADHD,Disgust,2.54533100000116,0
amrit(C),ADHD,Happiness,0.795146599994041,1
amrit(C),ADHD,Anger,0.689051000052131,1
amrit(C),ADHD,Fear,1.3446721000364,0
amrit(C),ADHD,Disgust,3.4264472000068,1
amrit(C),ADHD,Fear,0.311926100053824,0
amrit(C),ADHD,Surprise,1.5823292999994,0
amrit(C),ADHD,Happiness,0.704775899997912,1
amrit(C),ADHD,Sadness,0.673575000022538,1
amrit raj,NORMAL,Surprise,1.92572839977219,1
amrit raj,NORMAL,Surprise,0.414951200131326,0
amrit raj,NORMAL,Fear,0.631673399824649,1
amrit raj,NORMAL,Sadness,2.47812529979273,1
amrit raj,NORMAL,Happiness,0.329139299690723,1
amrit raj,NORMAL,Surprise,2.27614450035616,0
amrit raj,NORMAL,Surprise,1.16823479998856,1
amrit raj,NORMAL,Surprise,0.215460099745541,0
amrit raj,NORMAL,Anger,1.52276979992166,0
amrit raj,NORMAL,Disgust,5.40732759982347,0
amrit raj,NORMAL,Fear,0.346791699994355,1
amrit raj,NORMAL,Disgust,0.413119500037282,1
amrit raj,NORMAL,Disgust,1.05216610012575,1
amrit raj,NORMAL,Surprise,7.16016229987144,1
amrit raj,NORMAL,Surprise,1.25821649981662,0
amrit raj,NORMAL,Sadness,0.920725500211119,1
amrit raj,NORMAL,Sadness,0.415955599863082,1
amrit raj,NORMAL,Fear,4.44641139963641,0
amrit raj,NORMAL,Sadness,1.90598599985241,1
amrit raj,NORMAL,Happiness,0.26209759991616,1
amrit raj,NORMAL,Disgust,0.970109699759632,1
amrit raj,NORMAL,Fear,0.720028399955481,1
amrit raj,NORMAL,Fear,0.373820199631154,1
amrit raj,NORMAL,Happiness,0.260684600099921,1
amrit raj,NORMAL,Anger,2.5868346998468,0
amrit raj,NORMAL,Sadness,0.270189699716866,1
amrit raj,NORMAL,Anger,2.50024109985679,1
amrit raj,NORMAL,Fear,1.15198710002005,0
amrit raj,NORMAL,Sadness,0.720852499827742,1
amrit raj,NORMAL,Disgust,1.38940620003268,1
amrit raj,NORMAL,Anger,1.40360160032287,1
amrit raj,NORMAL,Anger,0.351265300065279,1
amrit raj,NORMAL,Anger,0.299149399623274,0
amrit raj,NORMAL,Happiness,0.373683399986475,1
amrit raj,NORMAL,Fear,2.92880029976367,0
amrit raj,NORMAL,Disgust,3.31231639999896,1
amrit raj,NORMAL,Happiness,0.298937700223177,1
amrit raj,NORMAL,Happiness,0.330037499777972,1
amrit raj,NORMAL,Anger,2.56684289965778,0
amrit raj,NORMAL,Disgust,1.16804910032078,1
amrit raj,NORMAL,Fear,4.93448479985818,1
amrit raj,NORMAL,Sadness,0.397805099841207,1
amrit raj,NORMAL,Anger,4.59781190007925,0
amrit raj,NORMAL,Sadness,1.06383140012621,0
ansh(C),ADHD,Fear,2.64308389998041,1
ansh(C),ADHD,Surprise,4.56879719998687,0
ansh(C),ADHD,Happiness,4.81380230002105,0
ansh(C),ADHD,Anger,3.54556030011735,0
ansh(C),ADHD,Surprise,2.4752971001435,0
ansh(C),ADHD,Disgust,2.71202569990418,1
ansh(C),ADHD,Anger,3.6164756999351,1
ansh(C),ADHD,Disgust,2.60366189992055,1
ansh(C),ADHD,Disgust,2.06081479997374,0
ansh(C),ADHD,Anger,1.68497979990206,1
ansh(C),ADHD,Anger,0.816239000065252,0
ansh(C),ADHD,Sadness,5.02955670002847,1
ansh(C),ADHD,Sadness,2.93710590014234,1
ansh(C),ADHD,Disgust,4.83827840001322,1
ansh(C),ADHD,Happiness,1.46395949996076,1
ansh(C),ADHD,Fear,0.592694499995559,1
ansh(C),ADHD,Sadness,0.991094599943608,1
ansh(C),ADHD,Surprise,5.27832899987697,1
ansh(C),ADHD,Sadness,2.16387849999591,1
ansh(C),ADHD,Anger,1.7198065998964,0
ansh(C),ADHD,Anger,1.509345700033,0
ansh(C),ADHD,Sadness,6.3702785000205,0
ansh(C),ADHD,Fear,8.00058889994397,1
ansh(C),ADHD,Sadness,4.35287930001504,0
ansh(C),ADHD,Anger,3.00134329986758,1
ansh(C),ADHD,Anger,1.66126059996895,0
ansh(C),ADHD,Surprise,7.42101940000429,1
ansh(C),ADHD,Happiness,4.62819149997085,1
ansh(C),ADHD,Surprise,3.76321090012788,0
ansh(C),ADHD,Fear,2.23517860006541,0
ansh(C),ADHD,Happiness,1.19173489999957,1
ansh(C),ADHD,Happiness,1.49438779987394,1
ansh(C),ADHD,Happiness,1.8076050998643,0
ansh(C),ADHD,Surprise,2.21380010014399,0
ansh(C),ADHD,Sadness,1.26775539992377,1
ansh(C),ADHD,Fear,1.40031619998626,1
ansh(C),ADHD,Happiness,0.299032399896532,1
ansh(C),ADHD,Sadness,1.40324160014279,1
avaesh,NORMAL,Disgust,4.80466979998163,0
avaesh,NORMAL,Surprise,1.10478610001155,1
avaesh,NORMAL,Anger,7.02445110000553,1
avaesh,NORMAL,Anger,6.3255371999985,1
avaesh,NORMAL,Disgust,4.10725440000533,1
avaesh,NORMAL,Fear,2.04183470000862,0
avaesh,NORMAL,Anger,1.81715580000309,0
avaesh,NORMAL,Disgust,0.200182600005064,1
avaesh,NORMAL,Sadness,2.29713110000011,0
avaesh,NORMAL,Happiness,2.21592660000897,0
avaesh,NORMAL,Fear,0.360232400009408,0
avaesh,NORMAL,Happiness,6.0202403999865,0
avaesh,NORMAL,Fear,1.97634739999193,0
avaesh,NORMAL,Anger,4.09497430000919,0
avaesh,NORMAL,Sadness,2.85082939997664,0
avaesh,NORMAL,Sadness,0.358226899988949,0
avaesh,NORMAL,Surprise,1.88897549998364,0
avaesh,NORMAL,Happiness,0.86276259997976,0
avaesh,NORMAL,Surprise,3.49073910000151,0
avaesh,NORMAL,Fear,1.95463330001803,0
avaesh,NORMAL,Happiness,0.348972400010097,0
avaesh,NORMAL,Sadness,0.230213000002549,0
avaesh,NORMAL,Sadness,1.40420000001904,0
avaesh,NORMAL,Disgust,1.94478680001338,1
avaesh,NORMAL,Happiness,0.200795699987793,0
avaesh,NORMAL,Fear,8.74426599999424,0
avaesh,NORMAL,Surprise,1.12430240001413,0
avaesh,NORMAL,Anger,1.38796669998555,0
avaesh,NORMAL,Happiness,1.08138980000512,0
avaesh,NORMAL,Fear,1.39013650000561,0
avaesh,NORMAL,Happiness,1.82174020001548,0
avaesh,NORMAL,Sadness,0.309427900006994,0
avaesh,NORMAL,Happiness,0.281250600004568,0
avaesh,NORMAL,Sadness,0.5703080999956,0
avaesh,NORMAL,Surprise,1.18032449999009,0
avaesh,NORMAL,Anger,0.434219899994786,0
avaesh,NORMAL,Anger,0.318648199987364,0
avaesh,NORMAL,Fear,1.85922620000201,0
avaesh,NORMAL,Disgust,0.373655600007623,1
avaesh,NORMAL,Surprise,0.343498500005807,0
avaesh,NORMAL,Surprise,1.13282420000177,0
avaesh,NORMAL,Surprise,1.04674879999947,0
avaesh,NORMAL,Sadness,0.455010400008177,0
avaesh,NORMAL,Disgust,0.457598700013477,1
avaesh,NORMAL,Disgust,4.12014899999485,1
avaesh,NORMAL,Anger,0.360478499991586,0
avaesh,NORMAL,Disgust,2.03573049997794,1
dhoni,NORMAL,Sadness,2.46112330001778,1
dhoni,NORMAL,Anger,2.15964450000319,1
dhoni,NORMAL,Anger,3.98558279999997,0
dhoni,NORMAL,Sadness,2.47889080000459,1
dhoni,NORMAL,Fear,0.40965220000362,0
dhoni,NORMAL,Anger,1.71778760000597,0
dhoni,NORMAL,Happiness,1.01990149999619,0
dhoni,NORMAL,Anger,2.12560179998399,1
dhoni,NORMAL,Sadness,2.35263660000055,1
dhoni,NORMAL,Happiness,0.354321899998467,1
dhoni,NORMAL,Fear,7.49441680000745,1
dhoni,NORMAL,Anger,0.686007599986624,1
dhoni,NORMAL,Surprise,0.263871200004359,0
dhoni,NORMAL,Fear,2.70740310000837,0
dhoni,NORMAL,Happiness,2.68184599999221,1
dhoni,NORMAL,Fear,6.00691460000234,0
dhoni,NORMAL,Fear,3.4408579999872,0
dhoni,NORMAL,Anger,3.94383130001369,1
dhoni,NORMAL,Happiness,0.351333900005556,1
dhoni,NORMAL,Sadness,2.36438729998189,0
dhoni,NORMAL,Anger,0.663506899989442,1
dhoni,NORMAL,Sadness,2.49983389998669,0
dhoni,NORMAL,Happiness,0.916861000005155,1
dhoni,NORMAL,Disgust,1.65851780000957,0
dhoni,NORMAL,Disgust,3.06009630000335,0
dhoni,NORMAL,Surprise,1.45003360000555,1
dhoni,NORMAL,Disgust,2.038893799996,0
dhoni,NORMAL,Fear,0.514778599987039,0
dhoni,NORMAL,Fear,3.02873160000308,0
dhoni,NORMAL,Anger,0.355218899989267,1
dhoni,NORMAL,Disgust,0.885107900016009,0
dhoni,NORMAL,Surprise,1.58795100002316,0
dhoni,NORMAL,Sadness,1.71905809998861,0
dhoni,NORMAL,Disgust,2.06562390000908,0
dhoni,NORMAL,Fear,2.01784210000187,0
dhoni,NORMAL,Happiness,0.317944100010208,1
dhoni,NORMAL,Surprise,1.59671770001295,0
dhoni,NORMAL,Happiness,0.430350000009639,1
dhoni,NORMAL,Surprise,1.2724444999767,0
dhoni,NORMAL,Sadness,1.73832309999852,0
dhoni,NORMAL,Surprise,0.370104400004493,0
dhoni,NORMAL,Disgust,3.68415270000696,0
dhoni,NORMAL,Happiness,0.797406600002432,1
dhoni,NORMAL,Surprise,0.31771890001255,1
dhoni,NORMAL,Sadness,0.793296999996528,0
dhoni,NORMAL,Disgust,0.909652099973755,0
dhoni,NORMAL,Surprise,1.13047939998796,1
divit,ADHD,Happiness,1.46422680001705,1
divit,ADHD,Disgust,3.70128730032593,1
divit,ADHD,Fear,1.09200729988515,1
divit,ADHD,Fear,1.36311079980805,1
divit,ADHD,Fear,1.24729610001668,1
divit,ADHD,Sadness,1.01083920011296,0
divit,ADHD,Sadness,1.76841219980269,0
divit,ADHD,Sadness,0.8388337995857,1
divit,ADHD,Sadness,1.7919851001352,0
divit,ADHD,Disgust,1.34391000028699,1
divit,ADHD,Disgust,2.35048150038346,1
divit,ADHD,Fear,3.89694599993526,0
divit,ADHD,Happiness,0.781585100106895,1
divit,ADHD,Disgust,1.95955300005152,1
divit,ADHD,Happiness,0.731620600447058,1
divit,ADHD,Fear,5.28265970014035,0
divit,ADHD,Anger,0.282559900078922,1
divit,ADHD,Disgust,1.93913430022075,1
divit,ADHD,Sadness,1.28070660028606,1
divit,ADHD,Fear,1.80213059997186,1
divit,ADHD,Surprise,1.90933639975264,1
divit,ADHD,Disgust,0.790942199993878,1
divit,ADHD,Anger,0.445995899848639,0
divit,ADHD,Happiness,0.766386999748647,1
divit,ADHD,Happiness,0.997775900177657,1
divit,ADHD,Sadness,0.952701600268483,1
divit,ADHD,Surprise,1.44239099975675,0
divit,ADHD,Fear,2.26520590018481,0
divit,ADHD,Sadness,1.40102849993854,1
divit,ADHD,Surprise,2.38038829993456,0
divit,ADHD,Surprise,0.77401449996978,0
divit,ADHD,Happiness,0.810587899759411,1
divit,ADHD,Anger,0.392854500096291,0
divit,ADHD,Disgust,3.80157640017569,1
divit,ADHD,Happiness,1.68134990008547,1
divit,ADHD,Anger,1.54273719992488,1
divit,ADHD,Surprise,0.867603700142353,1
divit,ADHD,Surprise,1.31475660018622,1
divit,ADHD,Surprise,1.46668809978291,1
divit,ADHD,Fear,6.03493080008775,0
divit,ADHD,Surprise,1.47194710001349,1
divit,ADHD,Anger,0.893093399703502,0
divit,ADHD,Disgust,0.894501500297337,1
divit,ADHD,Anger,1.15753000043332,0
divit,ADHD,Anger,1.43015810009092,0
divit,ADHD,Sadness,1.34828649973496,0
divyansh,NORMAL,Happiness,3.23765819999971,1
divyansh,NORMAL,Surprise,0.226320499990833,1
divyansh,NORMAL,Disgust,3.80840599999646,1
divyansh,NORMAL,Sadness,1.92923449998488,1
divyansh,NORMAL,Anger,0.694227300002239,0
divyansh,NORMAL,Happiness,0.534605099994223,1
divyansh,NORMAL,Happiness,0.793090999999549,1
divyansh,NORMAL,Fear,4.06276100000832,0
divyansh,NORMAL,Disgust,0.733648900000844,0
divyansh,NORMAL,Anger,3.4876946999866,1
divyansh,NORMAL,Sadness,2.3587498999841,1
divyansh,NORMAL,Anger,2.97669529999257,1
divyansh,NORMAL,Happiness,0.623780800000531,1
divyansh,NORMAL,Disgust,4.10103750001872,1
divyansh,NORMAL,Surprise,0.291087000019615,1
divyansh,NORMAL,Disgust,0.445827700023073,0
divyansh,NORMAL,Sadness,0.36932909997995,1
divyansh,NORMAL,Fear,1.42052169999806,0
divyansh,NORMAL,Fear,1.81293769998592,0
divyansh,NORMAL,Anger,0.560092700005043,0
divyansh,NORMAL,Happiness,0.211246700026094,1
divyansh,NORMAL,Anger,8.75571670001954,0
divyansh,NORMAL,Fear,0.444144099979894,0
divyansh,NORMAL,Anger,0.227776400017319,0
divyansh,NORMAL,Fear,0.422686800011433,0
divyansh,NORMAL,Happiness,0.249191700015217,1
divyansh,NORMAL,Sadness,0.50712699998985,1
divyansh,NORMAL,Happiness,1.33436790000996,1
divyansh,NORMAL,Sadness,0.629925599991111,1
divyansh,NORMAL,Disgust,1.33642279999912,1
divyansh,NORMAL,Anger,0.774979799985885,0
divyansh,NORMAL,Disgust,0.344815899996319,1
divyansh,NORMAL,Sadness,0.293255500000668,1
divyansh,NORMAL,Disgust,0.270847800013143,0
divyansh,NORMAL,Happiness,0.47015010000905,1
divyansh,NORMAL,Fear,0.903242000000318,0
divyansh,NORMAL,Surprise,0.647070599981816,1
divyansh,NORMAL,Surprise,0.617505100002745,1
divyansh,NORMAL,Anger,0.41042590001598,0
divyansh,NORMAL,Sadness,0.635031299985712,1
divyansh,NORMAL,Fear,0.61169710001559,1
divyansh,NORMAL,Surprise,0.207746800006134,1
divyansh,NORMAL,Sadness,0.78768820001278,1
divyansh,NORMAL,Fear,2.13724270000238,1
divyansh,NORMAL,Surprise,0.412570499989669,0
goranshi ,NORMAL,Sadness,4.38280820002546,1
goranshi ,NORMAL,Disgust,4.13564739999128,0
goranshi ,NORMAL,Fear,4.85901590000139,0
goranshi ,NORMAL,Surprise,7.89483949998975,0
goranshi ,NORMAL,Surprise,3.16803539998363,0
goranshi ,NORMAL,Surprise,1.95325910000246,0
goranshi ,NORMAL,Anger,6.93913829998928,0
goranshi ,NORMAL,Surprise,2.86299569997936,0
goranshi ,NORMAL,Sadness,0.534462000010535,1
goranshi ,NORMAL,Happiness,0.722983499988913,1
goranshi ,NORMAL,Sadness,5.59312820000923,0
goranshi ,NORMAL,Sadness,5.53347990001202,0
goranshi ,NORMAL,Anger,4.46698130000731,0
goranshi ,NORMAL,Anger,5.23367630000575,0
goranshi ,NORMAL,Disgust,6.30715089998557,0
goranshi ,NORMAL,Happiness,5.64651900000171,0
goranshi ,NORMAL,Anger,9.48790119998739,0
goranshi ,NORMAL,Fear,7.01604509999742,1
goranshi ,NORMAL,Anger,5.14260070002637,0
goranshi ,NORMAL,Surprise,3.45850330000394,0
goranshi ,NORMAL,Sadness,0.599455900024622,1
goranshi ,NORMAL,Happiness,0.619875899981707,1
goranshi ,NORMAL,Happiness,0.30425909999758,1
goranshi ,NORMAL,Anger,3.44505020001088,0
goranshi ,NORMAL,Fear,4.77242349999141,0
goranshi ,NORMAL,Happiness,1.0869904999854,1
goranshi ,NORMAL,Disgust,4.85905850000563,0
goranshi ,NORMAL,Happiness,0.272404399991501,1
goranshi ,NORMAL,Fear,7.05708980001509,0
goranshi ,NORMAL,Happiness,0.603800100012449,1
goranshi ,NORMAL,Anger,3.22126849999767,1
goranshi ,NORMAL,Disgust,4.07061180000891,1
goranshi ,NORMAL,Fear,6.88373480000882,0
goranshi ,NORMAL,Sadness,6.95435499999439,0
goranshi ,NORMAL,Disgust,7.30696819999138,1
goranshi ,NORMAL,Anger,7.13370420000865,1
goranshi ,NORMAL,Fear,6.01950190000934,1
goranshi ,NORMAL,Disgust,1.55561619999934,1
goranshi ,NORMAL,Surprise,0.861382000002777,0
goranshi ,NORMAL,Sadness,0.281957500003045,1
goranshi ,NORMAL,Surprise,1.02867460000561,0
goranshi ,NORMAL,Disgust,0.748841599997831,0
goranshi ,NORMAL,Surprise,0.46738680000999,0
govind kumar (C),NORMAL,Fear,2.69236149999778,0
govind kumar (C),NORMAL,Surprise,4.94881999999051,0
govind kumar (C),NORMAL,Anger,0.492041599994991,0
govind kumar (C),NORMAL,Happiness,0.261349399981554,1
govind kumar (C),NORMAL,Fear,1.96131839998997,1
govind kumar (C),NORMAL,Surprise,0.914335600013146,1
govind kumar (C),NORMAL,Sadness,1.51110380000318,0
govind kumar (C),NORMAL,Anger,0.749984900001436,0
govind kumar (C),NORMAL,Disgust,0.727692900021793,0
govind kumar (C),NORMAL,Anger,2.19472490000771,0
govind kumar (C),NORMAL,Surprise,0.511597900011111,1
govind kumar (C),NORMAL,Surprise,1.39295539999147,1
govind kumar (C),NORMAL,Disgust,0.748654900002293,1
govind kumar (C),NORMAL,Happiness,0.924772000027587,1
govind kumar (C),NORMAL,Surprise,1.43816520000109,1
govind kumar (C),NORMAL,Disgust,0.69161539999186,0
govind kumar (C),NORMAL,Fear,1.23928660000092,0
govind kumar (C),NORMAL,Fear,1.81555759999901,0
govind kumar (C),NORMAL,Anger,0.210077900002943,0
govind kumar (C),NORMAL,Surprise,0.492783099994994,1
govind kumar (C),NORMAL,Sadness,0.28466939998907,1
govind kumar (C),NORMAL,Fear,7.4246488000208,1
govind kumar (C),NORMAL,Happiness,0.657027199980802,1
govind kumar (C),NORMAL,Sadness,0.324477799993474,1
govind kumar (C),NORMAL,Happiness,1.04498869998496,1
govind kumar (C),NORMAL,Surprise,0.633132999995723,1
govind kumar (C),NORMAL,Surprise,3.18289659998845,1
govind kumar (C),NORMAL,Anger,2.477584200009,1
govind kumar (C),NORMAL,Fear,2.75061499999719,1
govind kumar (C),NORMAL,Anger,2.14094700000714,0
govind kumar (C),NORMAL,Anger,2.21447750000515,0
govind kumar (C),NORMAL,Sadness,0.767380400007823,1
govind kumar (C),NORMAL,Happiness,1.33773279999149,1
govind kumar (C),NORMAL,Disgust,2.57911629998125,1
govind kumar (C),NORMAL,Disgust,0.597031200013589,1
govind kumar (C),NORMAL,Happiness,0.512084699992556,1
govind kumar (C),NORMAL,Fear,2.51918730000033,1
govind kumar (C),NORMAL,Sadness,0.490145399991888,1
govind kumar (C),NORMAL,Disgust,2.12634979997528,1
govind kumar (C),NORMAL,Fear,0.773138499993365,1
govind kumar (C),NORMAL,Anger,0.656569500017212,1
govind kumar (C),NORMAL,Sadness,6.67567500000586,1
govind kumar (C),NORMAL,Sadness,0.417827099998248,1
govind kumar (C),NORMAL,Happiness,0.43252719999873,1
govind kumar (C),NORMAL,Sadness,2.32661350001581,0
harimohan,NORMAL,Sadness,2.15266670007258,0
harimohan,NORMAL,Surprise,0.316926799714565,0
harimohan,NORMAL,Happiness,0.238530399743467,1
harimohan,NORMAL,Fear,0.37283319979906,0
harimohan,NORMAL,Anger,0.325213599950075,1
harimohan,NORMAL,Happiness,0.841649099718779,1
harimohan,NORMAL,Disgust,5.66621359996497,0
harimohan,NORMAL,Anger,6.51787470001727,0
harimohan,NORMAL,Anger,0.298024799674749,0
harimohan,NORMAL,Sadness,1.16152649978175,1
harimohan,NORMAL,Sadness,0.364990499801933,0
harimohan,NORMAL,Happiness,0.222342699766159,1
harimohan,NORMAL,Sadness,4.09987580031156,1
harimohan,NORMAL,Surprise,1.24083899985998,0
harimohan,NORMAL,Happiness,0.691391400061547,0
harimohan,NORMAL,Happiness,1.33807270042598,1
harimohan,NORMAL,Surprise,5.46858190000057,1
harimohan,NORMAL,Fear,7.36611780012026,0
harimohan,NORMAL,Fear,0.315122900065034,0
harimohan,NORMAL,Surprise,1.06114799994975,0
harimohan,NORMAL,Happiness,0.330982299987226,1
harimohan,NORMAL,Fear,4.1852186997421,0
harimohan,NORMAL,Disgust,0.395029400009661,1
harimohan,NORMAL,Anger,0.432159399613738,1
harimohan,NORMAL,Surprise,0.325469999574124,1
harimohan,NORMAL,Disgust,2.08938689995557,0
harimohan,NORMAL,Happiness,0.321595099754631,1
harimohan,NORMAL,Sadness,2.50194500014185,1
harimohan,NORMAL,Sadness,1.52767190011218,1
harimohan,NORMAL,Disgust,5.20806670002639,0
harimohan,NORMAL,Anger,0.339545499999076,0
harimohan,NORMAL,Disgust,3.42011080030351,1
harimohan,NORMAL,Surprise,0.482208799570798,0
harimohan,NORMAL,Fear,1.50169340008869,0
harimohan,NORMAL,Disgust,0.400666799861937,1
harimohan,NORMAL,Fear,1.97170870006084,0
harimohan,NORMAL,Happiness,0.268843200057745,1
harimohan,NORMAL,Surprise,2.16016259975731,0
harimohan,NORMAL,Anger,0.40403309976682,1
harimohan,NORMAL,Surprise,3.53364200005307,1
harimohan,NORMAL,Anger,0.916115300264209,1
harimohan,NORMAL,Fear,0.621399099938571,0
harimohan,NORMAL,Sadness,1.46741309994831,1
harimohan,NORMAL,Anger,2.13207289995625,1
harimohan,NORMAL,Sadness,3.51665360014885,0
harshit kumar 2,NORMAL,Happiness,1.0051519999979,1
harshit kumar 2,NORMAL,Anger,2.69894989999011,0
harshit kumar 2,NORMAL,Sadness,1.72511339999618,1
harshit kumar 2,NORMAL,Anger,4.18017089999921,1
harshit kumar 2,NORMAL,Surprise,3.03752070000336,1
harshit kumar 2,NORMAL,Happiness,5.36884189999545,1
harshit kumar 2,NORMAL,Anger,8.47081480000633,1
harshit kumar 2,NORMAL,Sadness,8.86476410001341,0
harshit kumar 2,NORMAL,Anger,2.45078700000885,1
harshit kumar 2,NORMAL,Surprise,1.84380139999848,1
harshit kumar 2,NORMAL,Anger,2.97696460000588,1
harshit kumar 2,NORMAL,Surprise,2.03788399999029,0
harshit kumar 2,NORMAL,Disgust,4.85412010000436,0
harshit kumar 2,NORMAL,Disgust,7.88575339999806,1
harshit kumar 2,NORMAL,Anger,4.66204390001075,0
harshit kumar 2,NORMAL,Anger,2.57854630000656,1
harshit kumar 2,NORMAL,Sadness,1.6726675999962,1
harshit kumar 2,NORMAL,Disgust,3.85150959999009,1
harshit kumar 2,NORMAL,Sadness,1.07547670000349,1
harshit kumar 2,NORMAL,Fear,3.03941240000131,0
harshit kumar 2,NORMAL,Happiness,2.35410929999488,0
harshit kumar 2,NORMAL,Surprise,1.86616700000013,1
harshit kumar 2,NORMAL,Disgust,0.891579599992837,1
harshit kumar 2,NORMAL,Surprise,0.709935599996242,1
harshit kumar 2,NORMAL,Happiness,0.935819399994215,1
harshit kumar 2,NORMAL,Fear,4.8581309000001,1
harshit kumar 2,NORMAL,Fear,5.40639180000289,1
harshit kumar 2,NORMAL,Surprise,0.888047600004938,1
harshit kumar 2,NORMAL,Fear,5.77381559999776,0
harshit kumar 2,NORMAL,Fear,4.45090429999982,1
harshit kumar 2,NORMAL,Surprise,1.94477429999096,0
harshit kumar 2,NORMAL,Sadness,5.02414039999712,1
harshit kumar 2,NORMAL,Disgust,0.633090600007562,1
harshit kumar 2,NORMAL,Sadness,0.776612000001478,1
harshit kumar 2,NORMAL,Disgust,5.48328649999166,1
harshit kumar 2,NORMAL,Disgust,6.41810130000521,1
harshit kumar 2,NORMAL,Happiness,1.65181419999862,1
harshit kumar 2,NORMAL,Happiness,0.238494200006243,1
harshit kumar 2,NORMAL,Sadness,3.13633019999542,1
harshit kumar 2,NORMAL,Sadness,2.123213999992,0
harshit kumar 2,NORMAL,Fear,0.248366700005135,0
harshit kumar 2,NORMAL,Anger,1.13499580000643,1
harshit kumar 2,NORMAL,Disgust,2.89269670000067,0
naitik,ADHD,Fear,1.92627900000661,0
naitik,ADHD,Happiness,0.562510400020983,1
naitik,ADHD,Disgust,1.09127899998566,0
naitik,ADHD,Happiness,2.26404799998272,0
naitik,ADHD,Disgust,3.07670969999162,1
naitik,ADHD,Disgust,3.21744569996371,0
naitik,ADHD,Disgust,2.20681509998394,0
naitik,ADHD,Surprise,0.693922999955248,1
naitik,ADHD,Sadness,1.9960626999964,1
naitik,ADHD,Fear,1.78230309998616,1
naitik,ADHD,Happiness,0.88440919999266,1
naitik,ADHD,Happiness,0.942395300022326,0
naitik,ADHD,Surprise,7.18109819997334,0
naitik,ADHD,Fear,0.482577599992509,0
naitik,ADHD,Fear,3.32859729998745,0
naitik,ADHD,Anger,3.28612399997655,0
naitik,ADHD,Disgust,4.79308119998313,1
naitik,ADHD,Surprise,5.40266310004517,0
naitik,ADHD,Sadness,2.44360210001468,0
naitik,ADHD,Anger,3.93958010000642,1
naitik,ADHD,Surprise,1.9683319000178,1
naitik,ADHD,Surprise,0.753432900004554,0
naitik,ADHD,Sadness,1.32200220000231,1
naitik,ADHD,Happiness,1.78863209998235,0
naitik,ADHD,Fear,0.73351960000582,0
naitik,ADHD,Sadness,0.927104699949268,0
naitik,ADHD,Surprise,0.44440510001732,1
naitik,ADHD,Fear,0.822845499962568,0
naitik,ADHD,Sadness,0.820542600005865,1
naitik,ADHD,Surprise,0.393207999994047,0
naitik,ADHD,Fear,2.00302990002091,0
naitik,ADHD,Sadness,0.338646800024434,0
naitik,ADHD,Happiness,0.441919199947733,0
naitik,ADHD,Anger,3.22230319998925,0
naitik,ADHD,Fear,2.0310861999751,0
naitik,ADHD,Anger,4.16982890001963,1
naitik,ADHD,Anger,2.30870350002078,0
naitik,ADHD,Surprise,0.717414299957454,1
naitik,ADHD,Happiness,0.24849719996564,1
naitik,ADHD,Sadness,0.447887999995145,1
naitik,ADHD,Anger,2.64112699998077,1
naitik,ADHD,Disgust,3.85554369998862,0
naitik,ADHD,Sadness,6.9735402999795,0
naitik,ADHD,Happiness,2.17676609999034,1
himanshu,NORMAL,Disgust,1.95785720000276,0
himanshu,NORMAL,Anger,8.56048640000517,0
himanshu,NORMAL,Happiness,1.17648279998684,1
himanshu,NORMAL,Surprise,1.98125260000233,1
himanshu,NORMAL,Fear,7.44981109999935,0
himanshu,NORMAL,Happiness,0.352909900000668,1
himanshu,NORMAL,Fear,3.62671550000959,1
himanshu,NORMAL,Anger,0.23640449999948,0
himanshu,NORMAL,Surprise,3.622829800006,1
himanshu,NORMAL,Sadness,4.81181440000364,0
himanshu,NORMAL,Sadness,0.255599600001005,1
himanshu,NORMAL,Fear,8.45678490000136,0
himanshu,NORMAL,Anger,0.377377700002398,1
himanshu,NORMAL,Surprise,1.50364439999975,1
himanshu,NORMAL,Anger,0.530399499999475,1
himanshu,NORMAL,Happiness,0.655116500012809,1
himanshu,NORMAL,Sadness,3.41135690000373,0
himanshu,NORMAL,Fear,0.793958599999314,0
himanshu,NORMAL,Disgust,0.560199099985766,0
himanshu,NORMAL,Disgust,2.75624229999084,0
himanshu,NORMAL,Disgust,1.63789800000085,0
himanshu,NORMAL,Surprise,0.269332299998495,1
himanshu,NORMAL,Sadness,0.645202400002745,1
himanshu,NORMAL,Anger,2.28813290000834,0
himanshu,NORMAL,Fear,1.70580660000268,0
himanshu,NORMAL,Surprise,1.65051110000058,1
himanshu,NORMAL,Surprise,0.575662700008251,1
himanshu,NORMAL,Anger,0.993081000007805,1
himanshu,NORMAL,Sadness,0.810530400005518,1
himanshu,NORMAL,Happiness,0.570434599998407,1
himanshu,NORMAL,Happiness,0.248612600000342,1
himanshu,NORMAL,Surprise,3.10916629999701,1
himanshu,NORMAL,Happiness,0.275035700004082,1
himanshu,NORMAL,Disgust,1.52816250000614,0
himanshu,NORMAL,Sadness,1.41234360000817,1
himanshu,NORMAL,Happiness,0.245625499999732,1
himanshu,NORMAL,Sadness,3.59673059999477,0
himanshu,NORMAL,Sadness,1.06320709999999,1
himanshu,NORMAL,Anger,2.20272830000612,0
himanshu,NORMAL,Fear,1.72513720000279,1
himanshu,NORMAL,Fear,2.54977109999163,0
himanshu,NORMAL,Disgust,4.22118999999656,0
himanshu,NORMAL,Happiness,3.81911090000357,1
himanshu,NORMAL,Disgust,1.20138990000123,0
himanshu,NORMAL,Surprise,2.21110000000044,0
himanshu,NORMAL,Fear,2.76557319999847,1
himanshu,NORMAL,Anger,2.47049069999775,0
dhruv,NORMAL,Happiness,1.095614799764,1
dhruv,NORMAL,Disgust,0.811842099763453,0
dhruv,NORMAL,Anger,4.61351160006597,0
dhruv,NORMAL,Happiness,0.37530960002914,1
dhruv,NORMAL,Fear,7.4528193003498,0
dhruv,NORMAL,Surprise,1.42581420019269,0
dhruv,NORMAL,Disgust,0.684640699997544,1
dhruv,NORMAL,Sadness,3.82464079977944,0
dhruv,NORMAL,Anger,9.73057520017027,1
dhruv,NORMAL,Happiness,0.396845999639481,1
dhruv,NORMAL,Anger,0.645133399870246,0
dhruv,NORMAL,Sadness,0.283202700316906,1
dhruv,NORMAL,Anger,1.39253359986469,0
dhruv,NORMAL,Fear,4.17934439983218,0
dhruv,NORMAL,Disgust,4.54779199976474,1
dhruv,NORMAL,Surprise,6.97541989991441,0
dhruv,NORMAL,Surprise,1.43465729989111,0
dhruv,NORMAL,Anger,1.24399490002542,0
dhruv,NORMAL,Sadness,2.38203459978103,0
dhruv,NORMAL,Surprise,2.82096699997782,0
dhruv,NORMAL,Happiness,0.277783500030636,1
dhruv,NORMAL,Sadness,3.57192240003496,0
dhruv,NORMAL,Fear,3.02767099998891,0
dhruv,NORMAL,Happiness,1.43482819991186,1
dhruv,NORMAL,Sadness,0.778085400350391,0
dhruv,NORMAL,Fear,4.57925920002162,1
dhruv,NORMAL,Disgust,1.37493010004982,1
dhruv,NORMAL,Disgust,3.67042209999635,0
dhruv,NORMAL,Sadness,0.78234970010817,1
dhruv,NORMAL,Anger,0.924247399903833,0
dhruv,NORMAL,Anger,0.41719500022009,0
dhruv,NORMAL,Disgust,0.388916000258177,1
dhruv,NORMAL,Surprise,0.35665229987353,0
dhruv,NORMAL,Fear,8.38089170027524,1
dhruv,NORMAL,Surprise,0.548143799882382,0
dhruv,NORMAL,Disgust,0.227784499991685,0
dhruv,NORMAL,Disgust,1.51842280011624,1
dhruv,NORMAL,Happiness,0.351343699730932,1
dhruv,NORMAL,Sadness,0.244515700265765,1
dhruv,NORMAL,Surprise,0.28759319987148,0
dhruv,NORMAL,Fear,1.08380499994382,0
dhruv,NORMAL,Surprise,3.46034660004079,0
dhruv,NORMAL,Anger,8.31409269990399,0
dhruv,NORMAL,Fear,1.39796879980713,1
dhruv,NORMAL,Sadness,1.3498275000602,1
jayant,NORMAL,Happiness,2.48557370000344,1
jayant,NORMAL,Disgust,0.503559500000847,1
jayant,NORMAL,Anger,1.0705925000002,0
jayant,NORMAL,Fear,3.10691689999657,1
jayant,NORMAL,Happiness,1.31622789999528,1
jayant,NORMAL,Disgust,0.571393899997929,0
jayant,NORMAL,Disgust,0.912222999999357,1
jayant,NORMAL,Sadness,0.238784699999087,0
jayant,NORMAL,Surprise,0.233710200001951,1
jayant,NORMAL,Disgust,0.364956899997196,1
jayant,NORMAL,Happiness,0.481699199997819,1
jayant,NORMAL,Disgust,0.388731099999859,1
jayant,NORMAL,Fear,0.304115200000524,0
jayant,NORMAL,Happiness,0.583640200005902,1
jayant,NORMAL,Sadness,0.556659800000488,1
jayant,NORMAL,Sadness,1.0460427999933,1
jayant,NORMAL,Fear,0.45955220000178,0
jayant,NORMAL,Surprise,0.461956799998006,1
jayant,NORMAL,Disgust,0.319483399995078,1
jayant,NORMAL,Fear,0.404880399997637,1
jayant,NORMAL,Happiness,0.322810600002412,1
jayant,NORMAL,Disgust,0.443798300002526,0
jayant,NORMAL,Sadness,0.683572199995978,1
jayant,NORMAL,Surprise,0.701692700000421,1
jayant,NORMAL,Fear,0.341545099996437,1
jayant,NORMAL,Surprise,0.383539700000255,1
jayant,NORMAL,Sadness,0.429956499996478,1
jayant,NORMAL,Surprise,1.09501420000015,1
jayant,NORMAL,Surprise,3.48984900000505,1
jayant,NORMAL,Sadness,0.316426400000636,1
jayant,NORMAL,Anger,1.15720239999791,1
jayant,NORMAL,Sadness,0.334203799997339,0
jayant,NORMAL,Anger,0.420780799999192,1
jayant,NORMAL,Surprise,0.559285600000293,1
jayant,NORMAL,Happiness,0.939031100002466,1
jayant,NORMAL,Surprise,0.296616899999207,1
jayant,NORMAL,Fear,1.71172079999814,1
jayant,NORMAL,Happiness,0.459681300002557,1
jayant,NORMAL,Anger,2.89881520000199,0
jayant,NORMAL,Anger,0.363854600000195,0
jayant,NORMAL,Sadness,0.390231199999107,1
jayant,NORMAL,Anger,3.23532680000062,0
jayant,NORMAL,Happiness,0.568568499998946,1
jayant,NORMAL,Anger,1.48783629999525,0
jayant,NORMAL,Disgust,0.428349199995864,1
jayant,NORMAL,Anger,0.464139899995643,0
jayant,NORMAL,Fear,1.41974309999932,1
kanishk,NORMAL,Fear,2.54571590000705,0
kanishk,NORMAL,Happiness,3.33834490001027,1
kanishk,NORMAL,Sadness,1.39628109999466,1
kanishk,NORMAL,Happiness,0.274319000003743,1
kanishk,NORMAL,Disgust,2.68838609999511,1
kanishk,NORMAL,Fear,6.92333479999797,1
kanishk,NORMAL,Surprise,6.5346264999971,1
kanishk,NORMAL,Surprise,5.44224750000285,0
kanishk,NORMAL,Fear,6.16847989999223,0
kanishk,NORMAL,Disgust,1.67743280000286,0
kanishk,NORMAL,Disgust,4.76017239999782,1
kanishk,NORMAL,Sadness,2.46011549999821,1
kanishk,NORMAL,Fear,3.71849400000064,0
kanishk,NORMAL,Happiness,0.711286199992173,1
kanishk,NORMAL,Sadness,0.357632799990824,1
kanishk,NORMAL,Fear,0.399005200000829,0
kanishk,NORMAL,Happiness,0.894750999999814,1
kanishk,NORMAL,Anger,0.303877899990766,0
kanishk,NORMAL,Fear,6.44256730000779,0
kanishk,NORMAL,Sadness,1.42328250000718,0
kanishk,NORMAL,Disgust,1.68665719999989,0
kanishk,NORMAL,Happiness,1.39707110000017,1
kanishk,NORMAL,Surprise,2.4658550999884,1
kanishk,NORMAL,Happiness,0.776385100005427,1
kanishk,NORMAL,Anger,4.13896650000242,0
kanishk,NORMAL,Happiness,0.986308399995323,1
kanishk,NORMAL,Anger,1.18572259999928,0
kanishk,NORMAL,Surprise,1.21850190000259,1
kanishk,NORMAL,Fear,9.67013709999446,1
kanishk,NORMAL,Happiness,2.20609819999663,1
kanishk,NORMAL,Anger,5.90485540000372,0
kanishk,NORMAL,Surprise,1.12197359999117,1
kanishk,NORMAL,Sadness,0.205763599995407,1
kanishk,NORMAL,Disgust,1.51522440000553,0
kanishk,NORMAL,Sadness,4.92702430000645,0
kanishk,NORMAL,Anger,4.01687540000421,0
kanishk,NORMAL,Anger,2.89839990000473,0
kanishk,NORMAL,Fear,0.645696699997643,0
kanishk,NORMAL,Disgust,0.40863759999047,0
kanishk,NORMAL,Disgust,2.49704200000269,1
kanishk,NORMAL,Anger,0.671473800000967,0
kanishk,NORMAL,Anger,1.93268320000788,0
kanishk,NORMAL,Sadness,4.42074590000265,0
kanishk,NORMAL,Surprise,1.07142049999674,0
karuna clinical hy,ADHD,Sadness,4.11656410002615,1
karuna clinical hy,ADHD,Anger,2.23941120004747,0
karuna clinical hy,ADHD,Anger,2.8070220000809,1
karuna clinical hy,ADHD,Anger,0.943400099989958,1
karuna clinical hy,ADHD,Anger,1.34658670006319,1
karuna clinical hy,ADHD,Happiness,0.420672300038859,1
karuna clinical hy,ADHD,Surprise,1.24808270006906,1
karuna clinical hy,ADHD,Happiness,0.546540800016373,1
karuna clinical hy,ADHD,Happiness,0.247915599960833,1
karuna clinical hy,ADHD,Surprise,9.17636269994545,1
karuna clinical hy,ADHD,Fear,4.19022779993247,0
karuna clinical hy,ADHD,Sadness,2.04204189998563,0
karuna clinical hy,ADHD,Happiness,0.763756699976511,1
karuna clinical hy,ADHD,Disgust,8.83261849998962,1
karuna clinical hy,ADHD,Disgust,8.01154169999063,0
karuna clinical hy,ADHD,Surprise,0.402240199968218,0
karuna clinical hy,ADHD,Fear,1.72895339992828,0
karuna clinical hy,ADHD,Sadness,4.87553550000302,0
karuna clinical hy,ADHD,Disgust,1.19642990001011,1
karuna clinical hy,ADHD,Anger,5.53633390006143,0
karuna clinical hy,ADHD,Surprise,5.76506280002649,0
karuna clinical hy,ADHD,Sadness,5.4360567999538,0
karuna clinical hy,ADHD,Disgust,5.58850620000157,1
karuna clinical hy,ADHD,Surprise,2.81995399994775,0
karuna clinical hy,ADHD,Fear,9.61757240002043,1
karuna clinical hy,ADHD,Anger,1.40086539997719,0
karuna clinical hy,ADHD,Fear,1.78622929996345,1
karuna clinical hy,ADHD,Disgust,0.494947800063528,1
karuna clinical hy,ADHD,Happiness,1.57523499999661,1
karuna clinical hy,ADHD,Happiness,1.52493519999552,1
karuna clinical hy,ADHD,Disgust,5.4985923001077,1
karuna clinical hy,ADHD,Happiness,0.3185599000426,1
karuna clinical hy,ADHD,Sadness,9.31467880005948,0
karuna clinical hy,ADHD,Surprise,0.474326599971391,1
karuna clinical hy,ADHD,Surprise,0.714591900003142,0
karuna clinical hy,ADHD,Anger,6.90646530000958,0
kavya,ADHD,Surprise,1.87805669987574,1
kavya,ADHD,Sadness,3.05304709961637,0
kavya,ADHD,Disgust,0.572424099780619,0
kavya,ADHD,Surprise,0.367291099857538,1
kavya,ADHD,Anger,1.47664889972656,1
kavya,ADHD,Happiness,0.422010899987071,1
kavya,ADHD,Anger,2.93978480016812,0
kavya,ADHD,Surprise,0.226649300195276,1
kavya,ADHD,Disgust,1.27868659980595,1
kavya,ADHD,Happiness,1.08436460001394,1
kavya,ADHD,Anger,0.911175800021737,0
kavya,ADHD,Fear,1.77039199974387,0
kavya,ADHD,Happiness,0.881210700143128,1
kavya,ADHD,Anger,1.36257170001044,0
kavya,ADHD,Sadness,2.1323810997419,1
kavya,ADHD,Fear,1.29390890011563,1
kavya,ADHD,Disgust,3.40438240021467,1
kavya,ADHD,Anger,0.704223100095987,1
kavya,ADHD,Happiness,0.596679700072854,0
kavya,ADHD,Fear,4.45290549984201,1
kavya,ADHD,Sadness,4.10751360002905,1
kavya,ADHD,Fear,3.16436919989064,1
kavya,ADHD,Surprise,2.48396209999918,0
kavya,ADHD,Disgust,3.66742079984396,0
kavya,ADHD,Fear,1.7523191999644,1
kavya,ADHD,Happiness,0.586369799915701,1
kavya,ADHD,Sadness,1.46196730015799,1
kavya,ADHD,Happiness,0.334300199989229,1
kavya,ADHD,Surprise,2.51397950015962,1
kavya,ADHD,Sadness,0.778988500125706,1
kavya,ADHD,Anger,2.15126089984551,0
kavya,ADHD,Disgust,3.76800299994647,0
kavya,ADHD,Disgust,0.270650300197303,1
kavya,ADHD,Sadness,1.9506359999068,0
kavya,ADHD,Disgust,1.06427189987152,1
kavya,ADHD,Fear,3.79375970037654,1
kavya,ADHD,Anger,0.267905600368976,0
kavya,ADHD,Surprise,1.31173819955438,0
kavya,ADHD,Disgust,1.41963839996606,1
kavya,ADHD,Fear,1.41515689995139,1
kavya,ADHD,Surprise,2.42206600029021,0
kavya,ADHD,Happiness,0.363017400261014,1
kavya,ADHD,Sadness,2.20968030020594,0
kavya,ADHD,Surprise,1.0924746999517,0
kavya,ADHD,Sadness,0.339504600036889,1
kavya,ADHD,Fear,0.602044100407511,0
khushboo pahuja(C),NORMAL,Fear,6.50745840009767,1
khushboo pahuja(C),NORMAL,Surprise,0.861486000008881,1
khushboo pahuja(C),NORMAL,Disgust,2.68579460005275,1
khushboo pahuja(C),NORMAL,Happiness,0.663171099964529,1
khushboo pahuja(C),NORMAL,Sadness,0.625931699993088,1
khushboo pahuja(C),NORMAL,Disgust,1.4043802000815,1
khushboo pahuja(C),NORMAL,Disgust,0.740319700096733,1
khushboo pahuja(C),NORMAL,Sadness,0.768460699939169,0
khushboo pahuja(C),NORMAL,Disgust,0.409646100015379,1
khushboo pahuja(C),NORMAL,Fear,1.09673380001913,1
khushboo pahuja(C),NORMAL,Fear,0.856093300040811,1
khushboo pahuja(C),NORMAL,Sadness,0.398034999961964,1
khushboo pahuja(C),NORMAL,Anger,0.780079400050453,1
khushboo pahuja(C),NORMAL,Surprise,0.386872399947606,0
khushboo pahuja(C),NORMAL,Disgust,1.77650579996407,1
khushboo pahuja(C),NORMAL,Surprise,1.10254669992718,1
khushboo pahuja(C),NORMAL,Fear,5.58253889996558,0
khushboo pahuja(C),NORMAL,Happiness,1.01823739998508,1
khushboo pahuja(C),NORMAL,Fear,2.2518926000921,1
khushboo pahuja(C),NORMAL,Surprise,2.38616180000826,1
khushboo pahuja(C),NORMAL,Anger,0.463538900017738,1
khushboo pahuja(C),NORMAL,Fear,2.27281440002843,0
khushboo pahuja(C),NORMAL,Fear,0.902213299996219,1
khushboo pahuja(C),NORMAL,Happiness,0.459272800013422,1
khushboo pahuja(C),NORMAL,Happiness,0.26772590004839,1
khushboo pahuja(C),NORMAL,Anger,1.37549719994422,1
khushboo pahuja(C),NORMAL,Surprise,0.713012599968351,0
khushboo pahuja(C),NORMAL,Sadness,0.5250755000161,1
khushboo pahuja(C),NORMAL,Sadness,0.315494299982674,1
khushboo pahuja(C),NORMAL,Happiness,0.348853899980895,1
khushboo pahuja(C),NORMAL,Disgust,0.930503999930806,1
khushboo pahuja(C),NORMAL,Sadness,7.37524299998767,0
khushboo pahuja(C),NORMAL,Surprise,1.88603950000833,0
khushboo pahuja(C),NORMAL,Happiness,0.367415399989113,1
khushboo pahuja(C),NORMAL,Sadness,0.649580399971455,0
khushboo pahuja(C),NORMAL,Disgust,0.322768200072459,1
khushboo pahuja(C),NORMAL,Surprise,0.325388299999758,1
khushboo pahuja(C),NORMAL,Anger,0.344221099978312,1
khushboo pahuja(C),NORMAL,Happiness,0.367931799963116,1
khushboo pahuja(C),NORMAL,Anger,1.32748980005271,1
khushboo pahuja(C),NORMAL,Sadness,2.95732140005566,1
khushboo pahuja(C),NORMAL,Happiness,0.293230200069956,1
khushboo pahuja(C),NORMAL,Anger,2.65125360002275,0
khushboo pahuja(C),NORMAL,Anger,0.340864500030875,1
khushboo pahuja(C),NORMAL,Surprise,0.361101799993775,1
khushboo pahuja(C),NORMAL,Disgust,0.446165699977427,0
khushboo pahuja(C),NORMAL,Anger,0.41909800004214,0
kosar,ADHD,Happiness,0.409430100116878,1
kosar,ADHD,Fear,0.306992399971932,0
kosar,ADHD,Happiness,2.40344120003283,1
kosar,ADHD,Anger,0.993434099946171,0
kosar,ADHD,Surprise,0.323828699998557,0
kosar,ADHD,Fear,0.213405800051987,0
kosar,ADHD,Fear,4.04562259977683,0
kosar,ADHD,Fear,6.88780800020322,0
kosar,ADHD,Surprise,8.5781080997549,0
kosar,ADHD,Happiness,0.697354400064796,1
kosar,ADHD,Surprise,0.227568800095468,0
kosar,ADHD,Fear,3.01746180001646,0
kosar,ADHD,Happiness,0.265479499939829,1
kosar,ADHD,Anger,0.202208700124174,1
kosar,ADHD,Surprise,1.04330780031159,1
kosar,ADHD,Happiness,0.606342900078743,1
kosar,ADHD,Surprise,2.32150729978457,1
kosar,ADHD,Happiness,0.243249200284481,1
kosar,ADHD,Fear,4.39630660042166,0
kosar,ADHD,Disgust,1.17710060020908,1
kosar,ADHD,Anger,6.18961749970912,1
kosar,ADHD,Anger,3.67879340006038,0
kosar,ADHD,Sadness,2.06558699999004,0
kosar,ADHD,Surprise,0.877201499883085,1
kosar,ADHD,Sadness,0.942520000040531,1
kosar,ADHD,Anger,0.372998800128698,0
kosar,ADHD,Surprise,2.38946569990366,1
kosar,ADHD,Anger,0.667657000012695,0
kosar,ADHD,Happiness,0.280394099652767,1
kosar,ADHD,Happiness,0.367489299736917,1
kosar,ADHD,Sadness,0.684383200015872,0
kosar,ADHD,Sadness,3.71289440011605,1
kosar,ADHD,Anger,0.380932400003075,0
laxmi,NORMAL,Disgust,5.45528930000728,1
laxmi,NORMAL,Surprise,3.44238229999609,1
laxmi,NORMAL,Anger,1.86832500000309,0
laxmi,NORMAL,Sadness,5.72676459999638,0
laxmi,NORMAL,Disgust,3.56901940000534,1
laxmi,NORMAL,Fear,1.94329549999383,1
laxmi,NORMAL,Sadness,2.218953100004,0
laxmi,NORMAL,Sadness,1.35763189999852,1
laxmi,NORMAL,Fear,1.58529419999104,1
laxmi,NORMAL,Happiness,0.960882700004731,1
laxmi,NORMAL,Fear,3.15080590000434,1
laxmi,NORMAL,Anger,1.32717419999244,0
laxmi,NORMAL,Sadness,4.92447619998711,0
laxmi,NORMAL,Disgust,0.839303500004462,1
laxmi,NORMAL,Surprise,1.41951370000606,1
laxmi,NORMAL,Sadness,5.12346279999474,0
laxmi,NORMAL,Disgust,0.421402500011026,0
laxmi,NORMAL,Sadness,6.68046889999823,0
laxmi,NORMAL,Happiness,0.559659100006683,1
laxmi,NORMAL,Surprise,2.9427308000013,0
laxmi,NORMAL,Anger,2.13202779999119,1
laxmi,NORMAL,Happiness,1.73190330000943,0
laxmi,NORMAL,Sadness,1.28174199999193,1
laxmi,NORMAL,Surprise,2.66030520001368,1
laxmi,NORMAL,Fear,5.08052859999588,0
laxmi,NORMAL,Fear,1.57187840000551,1
laxmi,NORMAL,Disgust,0.648777700000209,1
laxmi,NORMAL,Anger,1.64986119999957,1
laxmi,NORMAL,Happiness,3.37678730000334,1
laxmi,NORMAL,Surprise,0.609017700000549,1
laxmi,NORMAL,Happiness,2.1038763999968,1
laxmi,NORMAL,Anger,3.13416659999347,1
laxmi,NORMAL,Surprise,1.89841429999796,1
laxmi,NORMAL,Happiness,3.32256099999358,1
laxmi,NORMAL,Happiness,2.66921680000086,0
laxmi,NORMAL,Disgust,0.699227899996913,1
laxmi,NORMAL,Surprise,3.30143279999902,0
laxmi,NORMAL,Fear,1.12621420000505,1
laxmi,NORMAL,Sadness,2.35041959999944,1
laxmi,NORMAL,Fear,1.246467200006,0
laxmi,NORMAL,Anger,2.02820960000099,0
laxmi,NORMAL,Anger,3.01212959999975,1
laxmi,NORMAL,Disgust,1.20490120000613,1
laxmi,NORMAL,Anger,1.11393700000189,1
laxmi,NORMAL,Fear,1.92467530000431,1
laxmi,NORMAL,Disgust,2.53635720000602,1
laxmi,NORMAL,Happiness,2.00535059999674,1
manav,NORMAL,Happiness,1.306014099624,1
manav,NORMAL,Happiness,0.920358400326222,1
manav,NORMAL,Disgust,1.80696069961413,1
manav,NORMAL,Happiness,0.499361000023782,0
manav,NORMAL,Anger,1.56719659967347,0
manav,NORMAL,Happiness,0.464247700292617,1
manav,NORMAL,Anger,0.744673599954694,0
manav,NORMAL,Disgust,0.70812450023368,0
manav,NORMAL,Anger,0.399250699672848,1
manav,NORMAL,Disgust,0.332633300218731,1
manav,NORMAL,Fear,4.5721779000014,1
manav,NORMAL,Fear,1.74436290003359,1
manav,NORMAL,Sadness,2.45234919991344,1
manav,NORMAL,Anger,1.4007447999902,0
manav,NORMAL,Surprise,1.58348709996789,0
manav,NORMAL,Happiness,0.715142000000923,1
manav,NORMAL,Disgust,0.372230899985879,1
manav,NORMAL,Sadness,2.26416539959609,0
manav,NORMAL,Anger,1.97766779968515,1
manav,NORMAL,Fear,0.607456400059163,1
manav,NORMAL,Disgust,1.07930829981341,1
manav,NORMAL,Sadness,0.253577299881726,1
manav,NORMAL,Disgust,1.84662629989907,0
manav,NORMAL,Surprise,0.227336499840021,1
manav,NORMAL,Happiness,0.20930409990251,1
manav,NORMAL,Surprise,3.29630709998309,0
manav,NORMAL,Surprise,1.04284169990569,0
manav,NORMAL,Sadness,0.634933299850672,1
manav,NORMAL,Fear,3.36388819990679,1
manav,NORMAL,Happiness,0.314730099868029,1
manav,NORMAL,Surprise,1.06940500019118,1
manav,NORMAL,Anger,2.08124290034174,0
manav,NORMAL,Surprise,0.850432000122964,0
manav,NORMAL,Anger,1.96108599985018,0
manav,NORMAL,Happiness,0.230117600411176,1
manav,NORMAL,Disgust,0.20132050011307,1
manav,NORMAL,Disgust,0.285085999872535,1
manav,NORMAL,Fear,0.377977999858558,1
manav,NORMAL,Fear,1.5996814998798,0
manav,NORMAL,Anger,0.251706999726593,1
manav,NORMAL,Sadness,1.34666809998452,0
manav,NORMAL,Fear,5.82366790017113,0
manav,NORMAL,Sadness,0.388783399946987,1
manav,NORMAL,Sadness,0.44466200005263,1
manish,NORMAL,Sadness,5.06855340000765,1
manish,NORMAL,Sadness,0.409203500006697,0
manish,NORMAL,Surprise,0.416983400005847,0
manish,NORMAL,Anger,3.45022870000684,1
manish,NORMAL,Happiness,0.213311200001044,1
manish,NORMAL,Fear,6.7677260999917,0
manish,NORMAL,Anger,0.246231800003442,0
manish,NORMAL,Sadness,2.91371900000376,1
manish,NORMAL,Anger,1.1777138000034,1
manish,NORMAL,Surprise,0.454914899994037,0
manish,NORMAL,Happiness,2.66832650000287,1
manish,NORMAL,Surprise,2.58067930000834,1
manish,NORMAL,Disgust,1.707530700005,0
manish,NORMAL,Happiness,1.75616589999117,0
manish,NORMAL,Disgust,2.55018879999988,0
manish,NORMAL,Fear,7.58497050000005,0
manish,NORMAL,Happiness,0.540572199999587,1
manish,NORMAL,Sadness,5.31484300000011,1
manish,NORMAL,Anger,2.45360399999481,1
manish,NORMAL,Disgust,7.86071769999398,1
manish,NORMAL,Fear,2.01165190000028,0
manish,NORMAL,Surprise,0.367239200000767,1
manish,NORMAL,Sadness,4.11492390000785,0
manish,NORMAL,Surprise,1.56989810000231,1
manish,NORMAL,Fear,2.1156384999922,0
manish,NORMAL,Surprise,4.69487469999876,0
manish,NORMAL,Happiness,0.563385299989022,1
manish,NORMAL,Anger,3.02964919999067,1
manish,NORMAL,Disgust,1.20409070000459,1
manish,NORMAL,Happiness,0.326042100001359,1
manish,NORMAL,Disgust,0.669356700003845,0
manish,NORMAL,Fear,2.61755599999742,0
manish,NORMAL,Disgust,5.07933550000598,0
manish,NORMAL,Happiness,0.921151000002282,1
manish,NORMAL,Fear,0.657781099987914,0
manish,NORMAL,Fear,3.65354820000357,1
manish,NORMAL,Fear,0.261774500002502,1
manish,NORMAL,Disgust,0.977538799998001,0
manish,NORMAL,Surprise,0.482205899999826,0
manish,NORMAL,Anger,2.94953600000008,0
manish,NORMAL,Sadness,1.43080400000326,1
manish,NORMAL,Happiness,0.572008999995887,1
manish,NORMAL,Anger,1.17663750000065,0
manish,NORMAL,Disgust,0.325881400000071,0
mayank adhd,ADHD,Surprise,4.1315653999336,0
mayank adhd,ADHD,Sadness,1.3348654997535,1
mayank adhd,ADHD,Surprise,1.24833149975165,0
mayank adhd,ADHD,Sadness,0.476478700060397,1
mayank adhd,ADHD,Fear,2.29500539973378,0
mayank adhd,ADHD,Fear,2.75083150016143,0
mayank adhd,ADHD,Surprise,9.72793789999559,1
mayank adhd,ADHD,Happiness,1.85249760001897,1
mayank adhd,ADHD,Surprise,0.934833799954503,0
mayank adhd,ADHD,Anger,0.970502200070768,1
mayank adhd,ADHD,Anger,0.252272099722176,1
mayank adhd,ADHD,Anger,0.267423899844288,1
mayank adhd,ADHD,Surprise,0.242128500249236,0
mayank adhd,ADHD,Fear,0.457017400301992,0
mayank adhd,ADHD,Fear,2.03072769986465,0
mayank adhd,ADHD,Anger,7.93657350027933,0
mayank adhd,ADHD,Happiness,0.308566399849951,1
mayank adhd,ADHD,Fear,0.478402900043875,0
mayank adhd,ADHD,Happiness,5.70926519995555,1
mayank adhd,ADHD,Happiness,0.497747200075536,1
mayank adhd,ADHD,Disgust,6.974207600113,0
mayank adhd,ADHD,Disgust,3.23118669958785,0
mayank adhd,ADHD,Happiness,2.54832990001887,1
mayank adhd,ADHD,Happiness,0.498470100108534,1
mayank adhd,ADHD,Sadness,4.53297819988802,0
mayank adhd,ADHD,Surprise,0.356647300068289,0
mayank adhd,ADHD,Disgust,6.57441530004143,0
mayank adhd,ADHD,Disgust,4.40668589994311,1
mayank adhd,ADHD,Surprise,0.869544500019401,0
mayank adhd,ADHD,Sadness,3.54032699996605,0
mayank adhd,ADHD,Surprise,0.567247400060296,0
mayank adhd,ADHD,Anger,0.743788999971002,1
mayank adhd,ADHD,Sadness,4.03405919997021,0
mayank adhd,ADHD,Anger,1.66086489986628,1
mayank adhd,ADHD,Sadness,1.13818009989336,0
mayank adhd,ADHD,Sadness,5.33954120008274,0
mayank adhd,ADHD,Sadness,1.68128330027684,1
nishant,NORMAL,Fear,1.0934918999992,0
nishant,NORMAL,Fear,0.844467399991117,1
nishant,NORMAL,Anger,1.15977790000033,1
nishant,NORMAL,Fear,0.381060400002752,0
nishant,NORMAL,Fear,7.03677679999964,0
nishant,NORMAL,Sadness,0.456934199988609,1
nishant,NORMAL,Sadness,0.850701000003027,0
nishant,NORMAL,Disgust,0.997909800003981,1
nishant,NORMAL,Happiness,0.928106699997442,1
nishant,NORMAL,Sadness,0.627788099998724,1
nishant,NORMAL,Fear,0.520428000003448,1
nishant,NORMAL,Sadness,2.58616570000594,0
nishant,NORMAL,Happiness,0.404240100004244,1
nishant,NORMAL,Surprise,4.31458400000701,0
nishant,NORMAL,Anger,1.36028629999782,0
nishant,NORMAL,Surprise,0.878341499992529,1
nishant,NORMAL,Disgust,1.00475140000344,0
nishant,NORMAL,Disgust,2.91226440000173,1
nishant,NORMAL,Surprise,0.609087899996666,1
nishant,NORMAL,Happiness,0.27573609999672,1
nishant,NORMAL,Disgust,0.478546300000743,1
nishant,NORMAL,Surprise,0.292753399990033,1
nishant,NORMAL,Sadness,0.400141199992503,1
nishant,NORMAL,Disgust,2.01625010000134,1
nishant,NORMAL,Happiness,0.677615900000091,1
nishant,NORMAL,Anger,1.70933979999972,0
nishant,NORMAL,Sadness,4.14140870000119,1
nishant,NORMAL,Anger,0.597564199997577,0
nishant,NORMAL,Surprise,0.593426800012821,1
nishant,NORMAL,Happiness,0.733475499990163,1
nishant,NORMAL,Sadness,0.457648600000538,1
nishant,NORMAL,Disgust,2.663000799992,1
nishant,NORMAL,Happiness,0.8095381000021,1
nishant,NORMAL,Anger,2.38349930000549,1
nishant,NORMAL,Anger,1.5871438000031,1
nishant,NORMAL,Sadness,0.56361489999108,1
nishant,NORMAL,Anger,0.515079999997397,0
nishant,NORMAL,Disgust,0.244674800007487,1
nishant,NORMAL,Anger,0.733147499995539,1
nishant,NORMAL,Disgust,3.00051090000488,1
nishant,NORMAL,Fear,0.8311032000056,0
nishant,NORMAL,Fear,1.54631939998944,1
nishant,NORMAL,Happiness,0.228250800006208,1
nishant,NORMAL,Happiness,4.79028410000319,0
nishant,NORMAL,Fear,1.1721980000002,0
nishant,NORMAL,Surprise,0.3280664000049,0
nishant,NORMAL,Surprise,0.32267920000595,1
nishant,NORMAL,Surprise,0.324305900008766,1
prayaag,ADHD,Anger,1.32139460000325,0
prayaag,ADHD,Anger,1.06431139999767,0
prayaag,ADHD,Happiness,3.19035099999746,1
prayaag,ADHD,Disgust,2.77701119999983,0
prayaag,ADHD,Surprise,1.83082049997756,1
prayaag,ADHD,Anger,1.58905209999647,0
prayaag,ADHD,Happiness,1.31011560000479,0
prayaag,ADHD,Fear,6.09957900000154,0
prayaag,ADHD,Fear,6.67338409999501,0
prayaag,ADHD,Sadness,8.69437250000191,0
prayaag,ADHD,Fear,2.84479099998134,0
prayaag,ADHD,Disgust,2.83628019999014,1
prayaag,ADHD,Sadness,5.67927130000316,0
prayaag,ADHD,Sadness,4.57232549999025,0
prayaag,ADHD,Surprise,2.4643844999955,1
prayaag,ADHD,Anger,0.700841000012587,0
prayaag,ADHD,Happiness,0.406065200018929,1
prayaag,ADHD,Disgust,0.767849099996965,0
prayaag,ADHD,Fear,4.16140110002015,0
prayaag,ADHD,Surprise,0.630059399991296,0
prayaag,ADHD,Fear,0.396225799981039,0
prayaag,ADHD,Fear,4.22340830002212,0
prayaag,ADHD,Disgust,2.64633879999746,1
prayaag,ADHD,Surprise,0.731435099994996,1
prayaag,ADHD,Anger,1.70004989998415,1
prayaag,ADHD,Happiness,5.38908880000235,1
prayaag,ADHD,Happiness,3.62712289998307,0
prayaag,ADHD,Fear,1.78028929998981,0
prayaag,ADHD,Disgust,1.03317559999413,0
prayaag,ADHD,Happiness,0.811884499998996,1
prayaag,ADHD,Sadness,1.31650100002298,0
prayaag,ADHD,Sadness,1.80740590000641,0
prayaag,ADHD,Sadness,1.23916229998576,1
prayaag,ADHD,Surprise,0.775016400002641,1
prayaag,ADHD,Surprise,1.43101050000404,1
prayaag,ADHD,Sadness,0.502331299998331,1
prayaag,ADHD,Happiness,2.10150459999567,0
prayaag,ADHD,Sadness,2.0163915999874,0
prayaag,ADHD,Disgust,5.20491850000689,1
prayaag,ADHD,Anger,0.486271800007671,0
prayaag,ADHD,Surprise,1.10614409999107,1
prayaag,ADHD,Disgust,4.4120839999814,1
prayaag,ADHD,Disgust,0.934560600027907,0
preet,NORMAL,Surprise,3.96251330012455,1
preet,NORMAL,Disgust,2.07068660017102,0
preet,NORMAL,Anger,6.25476759998127,0
preet,NORMAL,Sadness,0.252929400186985,1
preet,NORMAL,Surprise,1.42924680002033,1
preet,NORMAL,Fear,1.34454939980059,1
preet,NORMAL,Surprise,1.11944209970533,1
preet,NORMAL,Happiness,4.25796770025044,0
preet,NORMAL,Anger,1.15967069985345,0
preet,NORMAL,Disgust,2.43746870011091,1
preet,NORMAL,Anger,1.84838700015097,0
preet,NORMAL,Sadness,6.32081640046089,1
preet,NORMAL,Disgust,0.337519099935889,1
preet,NORMAL,Surprise,1.62138239992782,0
preet,NORMAL,Surprise,3.53558650007471,0
preet,NORMAL,Happiness,0.244684399571269,1
preet,NORMAL,Surprise,6.46517300000414,1
preet,NORMAL,Sadness,0.208071100059896,1
preet,NORMAL,Happiness,0.755040199961513,1
preet,NORMAL,Happiness,0.387332099955529,1
preet,NORMAL,Fear,4.4406162998639,0
preet,NORMAL,Sadness,0.311639199964702,1
preet,NORMAL,Surprise,0.884818700142204,1
preet,NORMAL,Sadness,1.05200930032879,1
preet,NORMAL,Sadness,0.95088250003755,1
preet,NORMAL,Happiness,0.29606769979,1
preet,NORMAL,Sadness,1.25111069995909,0
preet,NORMAL,Anger,0.401829299982637,0
preet,NORMAL,Disgust,0.414859800133854,1
preet,NORMAL,Surprise,3.69073869986459,1
preet,NORMAL,Fear,8.58335079997778,1
preet,NORMAL,Happiness,0.364429699722677,1
preet,NORMAL,Anger,0.477252500131726,0
preet,NORMAL,Fear,3.02747880015522,0
preet,NORMAL,Fear,1.29782059974968,0
preet,NORMAL,Fear,1.29123259987682,0
preet,NORMAL,Sadness,2.8307340000756,0
preet,NORMAL,Disgust,2.99621649971231,1
preet,NORMAL,Fear,1.18627690011635,0
preet,NORMAL,Disgust,0.327074400149285,1
preet,NORMAL,Anger,0.843938400037586,0
preet,NORMAL,Anger,0.525997300166636,1
preet,NORMAL,Anger,0.283101799897849,0
sagar,ADHD,Anger,2.27941600000485,0
sagar,ADHD,Happiness,3.97190300002694,1
sagar,ADHD,Anger,1.9815404000692,1
sagar,ADHD,Happiness,0.543253800016827,1
sagar,ADHD,Disgust,2.13606280006933,0
sagar,ADHD,Sadness,2.841579800006,0
sagar,ADHD,Fear,8.6588920999784,0
sagar,ADHD,Sadness,4.55262939992826,1
sagar,ADHD,Fear,5.87781229999382,1
sagar,ADHD,Anger,5.37119430000893,0
sagar,ADHD,Disgust,5.24864510004408,0
sagar,ADHD,Happiness,1.03184900002088,1
sagar,ADHD,Fear,4.71300079999491,0
sagar,ADHD,Anger,1.50802720000501,1
sagar,ADHD,Disgust,8.03535120002925,0
sagar,ADHD,Surprise,4.61203690001275,1
sagar,ADHD,Happiness,1.25824139988981,1
sagar,ADHD,Fear,4.56652340001892,0
sagar,ADHD,Surprise,3.30280669999774,1
sagar,ADHD,Sadness,9.12465099990367,1
sagar,ADHD,Fear,7.95070729998406,0
sagar,ADHD,Disgust,3.33556089992634,0
sagar,ADHD,Disgust,2.21263379999436,1
sagar,ADHD,Disgust,2.44325719994958,0
sagar,ADHD,Surprise,5.64685669995378,1
sagar,ADHD,Happiness,0.339201200054958,1
sagar,ADHD,Anger,2.51082690001931,1
sagar,ADHD,Sadness,2.09949620009865,0
sagar,ADHD,Anger,3.57799989997874,0
sagar,ADHD,Surprise,4.01659219991415,1
sagar,ADHD,Surprise,2.15099950006697,0
sagar,ADHD,Disgust,1.51795900007709,0
sagar,ADHD,Surprise,3.19420040003024,0
sagar,ADHD,Anger,2.98327560001052,1
sagar,ADHD,Sadness,3.24605049996171,1
sagar,ADHD,Sadness,6.20227149990387,1
sagar,ADHD,Fear,1.87463550001848,0
sagar,ADHD,Happiness,0.538216300075873,1
sagar,ADHD,Surprise,3.75559489999432,0
sagar,ADHD,Happiness,1.39639849995728,1
sagar,ADHD,Disgust,3.21993300004396,0
sahil,ADHD,Surprise,9.13934470014646,1
sahil,ADHD,Disgust,3.66081319982185,0
sahil,ADHD,Happiness,3.28211329970508,1
sahil,ADHD,Surprise,5.79077159985899,0
sahil,ADHD,Disgust,0.307475300040096,0
sahil,ADHD,Happiness,0.727696400135755,1
sahil,ADHD,Surprise,1.45405000029131,0
sahil,ADHD,Fear,4.78109889989718,1
sahil,ADHD,Disgust,0.725374200381338,0
sahil,ADHD,Fear,6.60847040032967,0
sahil,ADHD,Surprise,5.60101479990407,0
sahil,ADHD,Anger,0.252131400164216,0
sahil,ADHD,Happiness,0.271460999734699,1
sahil,ADHD,Anger,0.956234199926257,1
sahil,ADHD,Anger,0.827173599973321,1
sahil,ADHD,Disgust,5.54511669976636,0
sahil,ADHD,Disgust,3.73539290018379,0
sahil,ADHD,Anger,1.90280749974772,0
sahil,ADHD,Happiness,0.318166299723088,1
sahil,ADHD,Anger,1.16127220029011,1
sahil,ADHD,Surprise,2.61134220007807,1
sahil,ADHD,Happiness,1.14925729995593,1
sahil,ADHD,Surprise,1.31945540010929,1
sahil,ADHD,Surprise,2.71629469981417,0
sahil,ADHD,Anger,0.298423599917441,1
sahil,ADHD,Sadness,0.826082999818027,1
sahil,ADHD,Happiness,0.258113299962133,1
sahil,ADHD,Fear,3.53087349981069,1
sahil,ADHD,Disgust,0.708927999716252,1
sahil,ADHD,Fear,1.57146700005978,1
sahil,ADHD,Sadness,0.343208699952811,1
sahil,ADHD,Sadness,1.15518979961052,1
sahil,ADHD,Sadness,0.629030999727547,1
sahil,ADHD,Happiness,0.576112699694931,1
sahil,ADHD,Fear,0.40194180002436,1
sahil,ADHD,Disgust,1.37805399997159,1
sahil,ADHD,Disgust,2.41728390008211,1
sahil,ADHD,Happiness,0.343576499726623,1
sahil,ADHD,Surprise,2.74132560007274,1
sahil,ADHD,Anger,0.263298800215125,0
sahil,ADHD,Sadness,0.221116699744015,0
sahil,ADHD,Sadness,0.269323700107634,1
sahil,ADHD,Sadness,3.32399340020492,0
sahil,ADHD,Fear,0.900067800190299,1
sandeep,NORMAL,Anger,7.93552780000027,0
sandeep,NORMAL,Sadness,8.86020899999857,0
sandeep,NORMAL,Happiness,1.29113219999999,1
sandeep,NORMAL,Anger,2.53404259999661,0
sandeep,NORMAL,Surprise,4.59937019999779,0
sandeep,NORMAL,Surprise,1.12623110000276,0
sandeep,NORMAL,Sadness,1.51697620000049,1
sandeep,NORMAL,Surprise,3.12396900000021,0
sandeep,NORMAL,Surprise,1.78365499999927,0
sandeep,NORMAL,Disgust,2.33626379999623,1
sandeep,NORMAL,Sadness,2.71890719999646,0
sandeep,NORMAL,Disgust,6.17265879999467,0
sandeep,NORMAL,Fear,2.32328480000433,0
sandeep,NORMAL,Happiness,1.00949929999478,1
sandeep,NORMAL,Fear,0.769494799998938,0
sandeep,NORMAL,Surprise,2.89073039999493,0
sandeep,NORMAL,Happiness,0.435678300003928,1
sandeep,NORMAL,Surprise,0.621162699993874,0
sandeep,NORMAL,Sadness,0.577211300005728,1
sandeep,NORMAL,Happiness,0.393021100004261,1
sandeep,NORMAL,Sadness,0.326504099997691,1
sandeep,NORMAL,Sadness,0.431767699999909,1
sandeep,NORMAL,Anger,0.542941799998516,0
sandeep,NORMAL,Anger,1.49699179999879,0
sandeep,NORMAL,Fear,1.46424610000394,0
sandeep,NORMAL,Disgust,1.3008234000008,0
sandeep,NORMAL,Surprise,1.44444059999659,1
sandeep,NORMAL,Happiness,0.428913499999907,1
sandeep,NORMAL,Disgust,1.35339739999471,0
sandeep,NORMAL,Anger,1.78437299999495,0
sandeep,NORMAL,Anger,0.501425499998731,0
sandeep,NORMAL,Disgust,1.0908930000005,1
sandeep,NORMAL,Fear,1.44302439999592,0
sandeep,NORMAL,Happiness,0.463556499998958,1
sandeep,NORMAL,Anger,1.75009349999891,0
sandeep,NORMAL,Fear,2.56421369999588,0
sandeep,NORMAL,Disgust,0.796731199996429,1
sandeep,NORMAL,Surprise,0.485731400003714,0
sandeep,NORMAL,Anger,0.604739499998686,0
sandeep,NORMAL,Disgust,0.610870700002124,0
sandeep,NORMAL,Happiness,0.454386099998373,1
sandeep,NORMAL,Fear,1.08300089999829,0
sandeep,NORMAL,Disgust,1.91721520000282,1
sandeep,NORMAL,Fear,0.920923499994387,0
sandeep,NORMAL,Happiness,0.911601699997845,1
sandeep,NORMAL,Fear,0.739113800002087,0
sandeep,NORMAL,Sadness,0.703986200001963,1
sandeep,NORMAL,Sadness,0.606324599997606,1
sidak,NORMAL,Fear,4.94212980009615,1
sidak,NORMAL,Happiness,0.49252020008862,1
sidak,NORMAL,Sadness,7.23885209998115,0
sidak,NORMAL,Sadness,0.355126800015568,1
sidak,NORMAL,Surprise,0.311626099981367,1
sidak,NORMAL,Happiness,0.24392809998244,1
sidak,NORMAL,Fear,0.896684499923139,0
sidak,NORMAL,Anger,0.626567400060594,0
sidak,NORMAL,Disgust,0.624544899910688,1
sidak,NORMAL,Disgust,0.626757099758833,1
sidak,NORMAL,Happiness,0.343935799784958,1
sidak,NORMAL,Sadness,0.259303099941462,0
sidak,NORMAL,Happiness,0.304492400027811,1
sidak,NORMAL,Surprise,0.381752300076186,1
sidak,NORMAL,Fear,0.398126299958676,0
sidak,NORMAL,Sadness,0.234812499955296,1
sidak,NORMAL,Fear,0.484775600023567,0
sidak,NORMAL,Fear,4.8097019996494,0
sidak,NORMAL,Happiness,0.210854900069534,1
sidak,NORMAL,Sadness,0.23465280001983,1
sidak,NORMAL,Disgust,0.283674600068479,1
sidak,NORMAL,Happiness,0.26677619991824,0
sidak,NORMAL,Anger,0.958777900319546,0
sidak,NORMAL,Anger,0.332388900220394,1
sidak,NORMAL,Disgust,1.67753880005329,1
sidak,NORMAL,Surprise,0.331256099976599,1
sidak,NORMAL,Disgust,0.299615799915045,1
sidak,NORMAL,Surprise,0.301537099760025,1
sidak,NORMAL,Sadness,0.202534900046885,1
sidak,NORMAL,Fear,0.229393200017511,1
sidak,NORMAL,Sadness,0.392557200044393,0
sidak,NORMAL,Anger,3.73714060010388,1
sidak,NORMAL,Surprise,0.396393199916929,1
sidak,NORMAL,Anger,2.31199479987844,1
sidak,NORMAL,Surprise,0.348707099910825,1
sidak,NORMAL,Disgust,1.96049520000815,1
sidak,NORMAL,Happiness,0.329308500047773,1
sidak,NORMAL,Sadness,0.408709899988025,1
sidak,NORMAL,Anger,0.354336900170892,0
sidak,NORMAL,Anger,1.69802929973229,1
sidak,NORMAL,Fear,0.293735400307923,0
sidak,NORMAL,Happiness,0.363327799830585,1
sidak,NORMAL,Anger,0.630029499996453,0
sidak,NORMAL,Fear,1.53187189996242,1
sidak,NORMAL,Disgust,0.285222699865698,1
simran(C),NORMAL,Happiness,0.708311900030821,1
simran(C),NORMAL,Anger,3.11445620004087,0
simran(C),NORMAL,Fear,4.36195180000504,1
simran(C),NORMAL,Sadness,4.83198620000621,0
simran(C),NORMAL,Disgust,2.53582759998971,0
simran(C),NORMAL,Anger,3.09618549997685,0
simran(C),NORMAL,Surprise,2.04873369995038,1
simran(C),NORMAL,Sadness,1.37115669995546,1
simran(C),NORMAL,Happiness,2.47184640000341,1
simran(C),NORMAL,Fear,7.89764530002139,1
simran(C),NORMAL,Fear,9.18283240002347,1
simran(C),NORMAL,Surprise,4.28411260002758,1
simran(C),NORMAL,Sadness,6.1168857999728,0
simran(C),NORMAL,Anger,1.93230679997941,1
simran(C),NORMAL,Disgust,1.91031669999938,1
simran(C),NORMAL,Disgust,6.2160533000133,0
simran(C),NORMAL,Disgust,3.11405500001274,1
simran(C),NORMAL,Fear,1.98839150002459,1
simran(C),NORMAL,Sadness,6.83018870005616,1
simran(C),NORMAL,Fear,2.41831109998747,0
simran(C),NORMAL,Sadness,0.458478800021111,1
simran(C),NORMAL,Anger,1.88733060000231,1
simran(C),NORMAL,Disgust,1.05031680001411,1
simran(C),NORMAL,Anger,3.5609351999592,0
simran(C),NORMAL,Fear,0.338502099970355,0
simran(C),NORMAL,Sadness,2.13160329998936,1
simran(C),NORMAL,Happiness,0.356842700042761,1
simran(C),NORMAL,Happiness,0.668287000036798,1
simran(C),NORMAL,Surprise,0.330294399987906,1
simran(C),NORMAL,Surprise,0.512705599947366,1
simran(C),NORMAL,Happiness,0.371402699965983,1
simran(C),NORMAL,Fear,0.46125310001662,0
simran(C),NORMAL,Sadness,0.601525900012347,0
simran(C),NORMAL,Anger,0.836934299964923,0
simran(C),NORMAL,Fear,1.61547309998422,0
simran(C),NORMAL,Disgust,7.31242680002469,1
simran(C),NORMAL,Anger,0.553173499996773,0
simran(C),NORMAL,Surprise,0.619836399971973,1
simran(C),NORMAL,Disgust,2.05986290000146,1
simran(C),NORMAL,Surprise,0.872753599949646,1
simran(C),NORMAL,Happiness,0.571739799983333,1
simran(C),NORMAL,Disgust,0.801314499985892,1
simran(C),NORMAL,Anger,0.603151999996043,1
simran(C),NORMAL,Happiness,0.402319000044371,1
simran(C),NORMAL,Happiness,0.330123000021558,1
simran(C),NORMAL,Surprise,1.03945450001629,0
suryansh,AUTISM,Disgust,0.611686000134795,0
suryansh,AUTISM,Fear,1.60836700024083,0
suryansh,AUTISM,Anger,1.96526450011879,1
suryansh,AUTISM,Happiness,0.55576099967584,1
suryansh,AUTISM,Sadness,1.18952260026708,1
suryansh,AUTISM,Happiness,0.301657100208103,1
suryansh,AUTISM,Fear,2.44639609986916,0
suryansh,AUTISM,Sadness,2.12223380012437,0
suryansh,AUTISM,Disgust,2.01131740026175,0
suryansh,AUTISM,Happiness,1.36590060032904,1
suryansh,AUTISM,Anger,9.75701890001073,1
suryansh,AUTISM,Surprise,3.36358769983053,0
suryansh,AUTISM,Disgust,1.56607940001413,0
suryansh,AUTISM,Surprise,0.579721999820321,0
suryansh,AUTISM,Sadness,0.715016500093042,1
suryansh,AUTISM,Happiness,0.248201000038534,1
suryansh,AUTISM,Sadness,9.80503789987415,1
suryansh,AUTISM,Disgust,1.54005170008167,1
suryansh,AUTISM,Sadness,4.87704000016674,0
suryansh,AUTISM,Disgust,2.05446110013872,0
suryansh,AUTISM,Sadness,3.58492390019819,0
suryansh,AUTISM,Sadness,1.7129386998713,1
suryansh,AUTISM,Fear,1.71606939984485,0
suryansh,AUTISM,Surprise,7.76580729987472,0
suryansh,AUTISM,Fear,3.42378779966384,0
suryansh,AUTISM,Disgust,3.34562660008668,1
suryansh,AUTISM,Fear,0.79902879986912,1
suryansh,AUTISM,Anger,6.66461890004575,0
suryansh,AUTISM,Surprise,1.73323359992355,0
suryansh,AUTISM,Fear,8.81496109999716,0
suryansh,AUTISM,Happiness,2.24216500017792,1
suryansh,AUTISM,Surprise,6.89944799989461,1
suryansh,AUTISM,Fear,4.14764670003205,1
suryansh,AUTISM,Happiness,0.239529500249773,1
suryansh,AUTISM,Surprise,6.26502359984442,0
suryansh,AUTISM,Happiness,8.25882040010765,1
suryansh,AUTISM,Anger,1.7354405997321,0
suryansh,AUTISM,Happiness,6.06298009958118,0
suryansh,AUTISM,Anger,2.52649809978902,0
suryansh,AUTISM,Fear,0.768001399934291,1
suryansh,AUTISM,Anger,9.93540780013427,0
sweecha,NORMAL,Fear,2.27157759999681,0
sweecha,NORMAL,Sadness,1.69363200000225,1
sweecha,NORMAL,Sadness,7.69756350000534,0
sweecha,NORMAL,Surprise,1.84170670000457,1
sweecha,NORMAL,Fear,3.05267959999764,1
sweecha,NORMAL,Disgust,5.42023429999972,1
sweecha,NORMAL,Fear,3.70401549999951,0
sweecha,NORMAL,Anger,3.45554269999411,1
sweecha,NORMAL,Surprise,1.73864069999399,1
sweecha,NORMAL,Surprise,1.32002069999725,1
sweecha,NORMAL,Disgust,1.62911040000471,1
sweecha,NORMAL,Anger,2.31562899999698,1
sweecha,NORMAL,Disgust,3.13055899999744,1
sweecha,NORMAL,Sadness,5.79699429999891,1
sweecha,NORMAL,Sadness,1.74084240000229,1
sweecha,NORMAL,Surprise,4.17948579999938,1
sweecha,NORMAL,Happiness,1.61324109999986,1
sweecha,NORMAL,Happiness,0.872325600001204,1
sweecha,NORMAL,Fear,4.87336309999955,0
sweecha,NORMAL,Surprise,5.72288180000032,1
sweecha,NORMAL,Anger,1.8967982000031,0
sweecha,NORMAL,Sadness,2.77211710000119,0
sweecha,NORMAL,Happiness,1.36011190000135,1
sweecha,NORMAL,Anger,2.38200350000261,1
sweecha,NORMAL,Fear,1.29967659999965,0
sweecha,NORMAL,Sadness,2.38178129999869,1
sweecha,NORMAL,Sadness,3.80303889999777,0
sweecha,NORMAL,Disgust,1.90610030000243,1
sweecha,NORMAL,Fear,2.71023030000651,0
sweecha,NORMAL,Disgust,1.53255060000083,1
sweecha,NORMAL,Happiness,1.35166830000525,1
sweecha,NORMAL,Fear,1.77697940000507,0
sweecha,NORMAL,Anger,4.62562699999398,1
sweecha,NORMAL,Sadness,6.61237909999908,0
sweecha,NORMAL,Surprise,1.77796919999673,1
sweecha,NORMAL,Anger,2.4361471000011,1
sweecha,NORMAL,Disgust,1.52174209999793,1
sweecha,NORMAL,Fear,1.82718270000623,0
sweecha,NORMAL,Happiness,1.38572929999645,1
sweecha,NORMAL,Happiness,1.12906680000014,1
sweecha,NORMAL,Surprise,1.44788029999472,1
sweecha,NORMAL,Happiness,1.48475569999573,1
sweecha,NORMAL,Anger,2.35080369999923,1
sweecha,NORMAL,Happiness,1.69635810000181,1
sweecha,NORMAL,Anger,1.75274929999432,1
sweecha,NORMAL,Disgust,2.56528360000083,1
sweecha,NORMAL,Disgust,3.74858749999839,1
sweecha,NORMAL,Surprise,1.06488279999757,1
tanishq chauhan,NORMAL,Surprise,4.64953620001324,1
tanishq chauhan,NORMAL,Disgust,2.26670380000723,1
tanishq chauhan,NORMAL,Disgust,5.74490920000243,1
tanishq chauhan,NORMAL,Anger,5.88241039999411,0
tanishq chauhan,NORMAL,Sadness,2.65894249998382,1
tanishq chauhan,NORMAL,Anger,2.71810450000339,1
tanishq chauhan,NORMAL,Sadness,7.4183377000154,1
tanishq chauhan,NORMAL,Happiness,1.93810160001157,1
tanishq chauhan,NORMAL,Sadness,1.34917380000115,1
tanishq chauhan,NORMAL,Happiness,1.42742920000455,1
tanishq chauhan,NORMAL,Fear,3.60704219999024,0
tanishq chauhan,NORMAL,Anger,2.50358240000787,1
tanishq chauhan,NORMAL,Disgust,1.60908439999911,1
tanishq chauhan,NORMAL,Anger,1.7260752999864,0
tanishq chauhan,NORMAL,Fear,8.35971129999961,0
tanishq chauhan,NORMAL,Anger,0.515616600023349,0
tanishq chauhan,NORMAL,Fear,1.22096540001803,0
tanishq chauhan,NORMAL,Disgust,2.20243460001074,1
tanishq chauhan,NORMAL,Happiness,0.399735999992117,1
tanishq chauhan,NORMAL,Surprise,3.29331360000651,1
tanishq chauhan,NORMAL,Anger,2.60107829998014,1
tanishq chauhan,NORMAL,Disgust,1.42728380000335,0
tanishq chauhan,NORMAL,Anger,0.412361299997428,1
tanishq chauhan,NORMAL,Surprise,0.41353409999283,1
tanishq chauhan,NORMAL,Sadness,1.81670670001767,1
tanishq chauhan,NORMAL,Happiness,0.844714699982432,1
tanishq chauhan,NORMAL,Fear,1.95201139998971,0
tanishq chauhan,NORMAL,Sadness,1.9871399999829,1
tanishq chauhan,NORMAL,Happiness,0.899696399981621,1
tanishq chauhan,NORMAL,Anger,1.167309499986,1
tanishq chauhan,NORMAL,Fear,6.17908410000382,1
tanishq chauhan,NORMAL,Surprise,4.71852339999168,1
tanishq chauhan,NORMAL,Fear,0.533729999995557,0
tanishq chauhan,NORMAL,Surprise,1.51923789997817,1
tanishq chauhan,NORMAL,Disgust,1.11868769998545,1
tanishq chauhan,NORMAL,Surprise,0.650610400014556,1
tanishq chauhan,NORMAL,Sadness,0.573358699999516,1
tanishq chauhan,NORMAL,Fear,0.79306140000699,1
tanishq chauhan,NORMAL,Surprise,1.58120970000163,0
tanishq chauhan,NORMAL,Happiness,1.03267069999128,1
tanishq chauhan,NORMAL,Disgust,0.311254200001712,0
tanishq chauhan,NORMAL,Sadness,6.53938790000393,1
tanishq chauhan,NORMAL,Happiness,0.559257699991576,1
tanishq chauhan,NORMAL,Disgust,1.81468470001709,0
tanishq chauhan,NORMAL,Surprise,1.40048810001462,1
tanishq chauhan,NORMAL,Fear,2.3671178999939,0
tanishq chauhan,NORMAL,Sadness,0.465659400011645,1
tanishq chauhan,NORMAL,Happiness,2.30864510001265,1
vedant (c),ADHD,Sadness,2.31990010000299,0
vedant (c),ADHD,Fear,0.872568799997679,0
vedant (c),ADHD,Fear,8.67315669998061,1
vedant (c),ADHD,Happiness,5.35019359999569,0
vedant (c),ADHD,Anger,1.84066320001147,1
vedant (c),ADHD,Sadness,6.89654940000036,0
vedant (c),ADHD,Surprise,0.438495899987174,1
vedant (c),ADHD,Sadness,4.21141769998939,0
vedant (c),ADHD,Disgust,2.96104759999434,0
vedant (c),ADHD,Fear,1.24223420000635,0
vedant (c),ADHD,Disgust,4.96000069999718,1
vedant (c),ADHD,Surprise,0.244093199988128,1
vedant (c),ADHD,Happiness,2.98615050001535,1
vedant (c),ADHD,Sadness,5.3634819999861,0
vedant (c),ADHD,Disgust,9.46852130000479,0
vedant (c),ADHD,Happiness,1.36714230000507,1
vedant (c),ADHD,Fear,3.91640600000391,0
vedant (c),ADHD,Happiness,0.908409499999834,1
vedant (c),ADHD,Surprise,2.0271139999968,1
vedant (c),ADHD,Disgust,2.84975540000596,1
vedant (c),ADHD,Happiness,0.515174999978626,1
vedant (c),ADHD,Surprise,1.29798449997906,1
vedant (c),ADHD,Surprise,3.91892490000464,1
vedant (c),ADHD,Disgust,0.405561699997633,0
vedant (c),ADHD,Surprise,1.04567540000425,0
vedant (c),ADHD,Fear,0.46577460001572,0
vedant (c),ADHD,Anger,0.639648400014266,0
vedant (c),ADHD,Sadness,3.71023950001108,0
vedant (c),ADHD,Disgust,3.38507359998766,1
vedant (c),ADHD,Fear,0.682514000014634,0
vedant (c),ADHD,Fear,5.4890424000041,1
vedant (c),ADHD,Disgust,1.20117980000213,1
vedant (c),ADHD,Surprise,5.26211910002166,1
vedant (c),ADHD,Anger,2.1844984999916,0
vedant (c),ADHD,Anger,9.56429379998007,0
vedant (c),ADHD,Anger,3.4939044000057,0
vedant (c),ADHD,Anger,4.58670069999061,0
vedant (c),ADHD,Fear,2.38150459999451,1
vedant (c),ADHD,Sadness,2.59139370001503,0
vedant (c),ADHD,Happiness,3.01829159999033,0
vedant (c),ADHD,Disgust,1.42973269999492,1
vedant (c),ADHD,Surprise,0.520336299989139,1
vedant (c),ADHD,Anger,2.76429069999721,0
vedant (c),ADHD,Happiness,0.452518100006273,1
vedant (c),ADHD,Happiness,0.239881899993633,1
vidhi pahuja,NORMAL,Surprise,3.09639689998584,1
vidhi pahuja,NORMAL,Happiness,2.28770559999975,1
vidhi pahuja,NORMAL,Disgust,1.31249099998967,1
vidhi pahuja,NORMAL,Surprise,6.10112229999504,0
vidhi pahuja,NORMAL,Disgust,0.342749400006141,1
vidhi pahuja,NORMAL,Sadness,1.18865159997949,0
vidhi pahuja,NORMAL,Sadness,1.05052160000195,1
vidhi pahuja,NORMAL,Fear,1.48754729999927,0
vidhi pahuja,NORMAL,Anger,1.23625690001063,1
vidhi pahuja,NORMAL,Fear,1.44101390001014,1
vidhi pahuja,NORMAL,Surprise,0.318004000000655,0
vidhi pahuja,NORMAL,Happiness,1.10388460001559,1
vidhi pahuja,NORMAL,Sadness,0.397359599999617,1
vidhi pahuja,NORMAL,Sadness,0.552318800007924,0
vidhi pahuja,NORMAL,Disgust,4.50240090000443,1
vidhi pahuja,NORMAL,Fear,1.75947980000637,0
vidhi pahuja,NORMAL,Anger,1.47744909999892,1
vidhi pahuja,NORMAL,Happiness,0.309655199991539,1
vidhi pahuja,NORMAL,Sadness,3.37798660001135,1
vidhi pahuja,NORMAL,Fear,0.278751800011377,1
vidhi pahuja,NORMAL,Anger,2.98056320002069,1
vidhi pahuja,NORMAL,Happiness,0.44233669998357,1
vidhi pahuja,NORMAL,Surprise,2.6860255000065,1
vidhi pahuja,NORMAL,Happiness,1.76688670000294,1
vidhi pahuja,NORMAL,Happiness,2.11360019998392,1
vidhi pahuja,NORMAL,Surprise,1.48757820000173,1
vidhi pahuja,NORMAL,Disgust,0.337673900008667,1
vidhi pahuja,NORMAL,Fear,1.47562130002188,1
vidhi pahuja,NORMAL,Disgust,2.03431180000188,1
vidhi pahuja,NORMAL,Happiness,0.404533299995819,1
vidhi pahuja,NORMAL,Anger,2.4675275000045,0
vidhi pahuja,NORMAL,Disgust,1.29861249998793,0
vidhi pahuja,NORMAL,Sadness,0.329567300010239,1
vidhi pahuja,NORMAL,Anger,2.03203529998427,0
vidhi pahuja,NORMAL,Fear,0.307576699997298,1
vidhi pahuja,NORMAL,Fear,0.872427099995547,0
vidhi pahuja,NORMAL,Surprise,0.312571899994509,0
vidhi pahuja,NORMAL,Anger,0.433064300013938,0
vidhi pahuja,NORMAL,Sadness,9.46621710000909,0
vidhi pahuja,NORMAL,Fear,5.33631099999183,0
vidhi pahuja,NORMAL,Anger,1.49310990000958,0
vidhi pahuja,NORMAL,Disgust,1.73017830000026,0
vidhi pahuja,NORMAL,Sadness,2.11323800001991,1
vidhi pahuja,NORMAL,Happiness,1.18362060000072,1
vidhi pahuja,NORMAL,Anger,4.12573610001709,0
vidhi pahuja,NORMAL,Disgust,0.614228799997363,0
vidhi pahuja,NORMAL,Surprise,2.11611619999166,1
vidhi pahuja,NORMAL,Surprise,1.06571289998828,1
jainam,ADHD,Sadness,1.44790890021249,1
jainam,ADHD,Surprise,3.70435319980606,0
jainam,ADHD,Sadness,0.761625600047409,1
jainam,ADHD,Fear,0.561302400194108,1
jainam,ADHD,Happiness,0.420656099915504,1
jainam,ADHD,Fear,1.03543430007994,1
jainam,ADHD,Surprise,9.05750280013308,0
jainam,ADHD,Sadness,2.31570470007136,1
jainam,ADHD,Happiness,0.443304500076919,1
jainam,ADHD,Sadness,5.2451688000001,0
jainam,ADHD,Anger,2.65064390003681,1
jainam,ADHD,Sadness,1.64236259972676,0
jainam,ADHD,Anger,0.210222099907696,1
jainam,ADHD,Disgust,0.721670200116932,1
jainam,ADHD,Disgust,0.246966599952429,1
jainam,ADHD,Anger,8.76262729987502,0
jainam,ADHD,Fear,5.20222009997814,1
jainam,ADHD,Surprise,0.846794200129807,1
jainam,ADHD,Disgust,0.71712310006842,0
jainam,ADHD,Disgust,2.36546200001612,1
jainam,ADHD,Fear,1.26974679995328,0
jainam,ADHD,Fear,3.50720219966024,1
jainam,ADHD,Disgust,2.15579869970679,1
jainam,ADHD,Happiness,0.279750000219792,1
jainam,ADHD,Happiness,0.688645000103861,1
jainam,ADHD,Surprise,0.586199500132352,1
jainam,ADHD,Disgust,0.24710620008409,1
jainam,ADHD,Sadness,1.46158890007063,1
jainam,ADHD,Surprise,0.508577200118452,1
jainam,ADHD,Happiness,0.277508299797773,1
jainam,ADHD,Anger,0.339849499985575,1
jainam,ADHD,Disgust,0.985574700403958,0
jainam,ADHD,Happiness,0.487865600269287,1
jainam,ADHD,Sadness,0.329664499964565,0
jainam,ADHD,Anger,3.25902279978618,1
jainam,ADHD,Disgust,4.37289589969441,1
jainam,ADHD,Fear,4.01926400000229,1
jainam,ADHD,Surprise,0.965239400044083,1
jainam,ADHD,Fear,2.89269259991124,0
jainam,ADHD,Surprise,4.77272830018773,1
jainam,ADHD,Sadness,3.87363209994509,0
jainam,ADHD,Happiness,0.737391599919647,1
jainam,ADHD,Anger,0.646203800104558,1
hitanshi,ADHD,Sadness,2.08190799970179,1
hitanshi,ADHD,Fear,8.08752660034224,0
hitanshi,ADHD,Anger,3.02028559986501,1
hitanshi,ADHD,Disgust,3.97889980021864,0
hitanshi,ADHD,Disgust,2.80515140015631,1
hitanshi,ADHD,Fear,1.38356669992208,0
hitanshi,ADHD,Anger,0.257281699683517,1
hitanshi,ADHD,Disgust,1.89391219988465,0
hitanshi,ADHD,Sadness,1.87406529998406,0
hitanshi,ADHD,Anger,0.912312400061637,1
hitanshi,ADHD,Anger,1.28427760023623,0
hitanshi,ADHD,Fear,3.70095340022817,0
hitanshi,ADHD,Fear,7.02237999998033,0
hitanshi,ADHD,Disgust,6.8269194997847,0
hitanshi,ADHD,Anger,1.41226280014961,1
hitanshi,ADHD,Sadness,1.06842900021001,1
hitanshi,ADHD,Fear,1.32705709990113,0
hitanshi,ADHD,Disgust,6.47766289999708,1
hitanshi,ADHD,Sadness,6.74337249994277,0
hitanshi,ADHD,Surprise,0.38680290011689,0
hitanshi,ADHD,Happiness,1.47584330011159,1
hitanshi,ADHD,Surprise,3.0879556001164,1
hitanshi,ADHD,Disgust,8.10914980014786,0
hitanshi,ADHD,Disgust,3.0403925999999,0
hitanshi,ADHD,Happiness,1.86769679980352,1
hitanshi,ADHD,Anger,5.07586340000852,0
hitanshi,ADHD,Sadness,1.44616759987548,1
hitanshi,ADHD,Surprise,4.01930119981989,1
hitanshi,ADHD,Happiness,0.529766499996185,1
hitanshi,ADHD,Fear,4.16566949989646,0
hitanshi,ADHD,Happiness,0.805227399803698,1
hitanshi,ADHD,Anger,1.56882710009813,1
hitanshi,ADHD,Fear,3.75117269996553,0
hitanshi,ADHD,Happiness,4.80702959978953,0
hitanshi,ADHD,Disgust,2.29420949984341,1
hitanshi,ADHD,Anger,6.78820550022646,1
hitanshi,ADHD,Surprise,4.28141870023682,1
hitanshi,ADHD,Sadness,0.765370300039649,1
hitanshi,ADHD,Happiness,0.740016200114041,1
hitanshi,ADHD,Surprise,4.4635976999998,0
hitanshi,ADHD,Surprise,4.33347829990088,1
hitanshi,ADHD,Sadness,1.91243059979751,0
hitanshi,ADHD,Sadness,6.70883270027115,0
hitanshi,ADHD,Surprise,2.52591470023617,0
hitanshi,ADHD,Fear,1.88095089979469,1
hitanshi,ADHD,Surprise,7.33494050009176,0
benedict,ADHD,Anger,7.72584909992292,1
benedict,ADHD,Anger,2.70467260014265,1
benedict,ADHD,Fear,2.96809090021997,0
benedict,ADHD,Fear,5.97179530002176,1
benedict,ADHD,Fear,1.2181783998385,0
benedict,ADHD,Surprise,2.67920930031687,0
benedict,ADHD,Anger,4.35545910010114,0
benedict,ADHD,Happiness,0.638711099978536,1
benedict,ADHD,Sadness,2.21275989990681,0
benedict,ADHD,Anger,3.94956409977749,1
benedict,ADHD,Anger,1.15855990024283,1
benedict,ADHD,Anger,5.26737240003421,0
benedict,ADHD,Disgust,6.43660140037536,0
benedict,ADHD,Sadness,0.894747999962419,1
benedict,ADHD,Anger,5.74882979970425,1
benedict,ADHD,Surprise,2.57133790012449,0
benedict,ADHD,Disgust,6.70245919981971,0
benedict,ADHD,Anger,9.88562790025025,1
benedict,ADHD,Happiness,0.357357000000774,1
benedict,ADHD,Sadness,3.48063780041411,1
benedict,ADHD,Fear,1.10682010045275,0
benedict,ADHD,Disgust,5.45954929990693,0
benedict,ADHD,Fear,1.37575129978358,0
benedict,ADHD,Fear,1.17002089973539,0
benedict,ADHD,Sadness,4.0459318999201,1
benedict,ADHD,Disgust,1.46725280024111,0
benedict,ADHD,Happiness,0.248628000263124,1
benedict,ADHD,Happiness,0.901171699631959,1
benedict,ADHD,Disgust,3.11862239986658,0
benedict,ADHD,Happiness,1.09149960009381,1
benedict,ADHD,Sadness,0.293142699636518,1
benedict,ADHD,Surprise,0.76309989998117,0
benedict,ADHD,Sadness,4.67425089981406,0
benedict,ADHD,Sadness,1.37111910013481,1
benedict,ADHD,Disgust,1.14462159993126,0
benedict,ADHD,Surprise,1.21162350010126,1
benedict,ADHD,Happiness,0.294540399685502,1
benedict,ADHD,Surprise,0.701024000067263,1
benedict,ADHD,Fear,3.03613279992714,0
benedict,ADHD,Happiness,0.821488699875772,1
benedict,ADHD,Surprise,5.55922370031476,1
benedict,ADHD,Disgust,1.04274149984121,0
parth,ADHD,Sadness,5.74141989974305,1
parth,ADHD,Fear,2.7580540003255,0
parth,ADHD,Happiness,0.696764499880373,1
parth,ADHD,Disgust,2.21177290007472,0
parth,ADHD,Sadness,4.75240779994055,0
parth,ADHD,Happiness,1.52877199975773,1
parth,ADHD,Anger,2.5443778000772,1
parth,ADHD,Sadness,2.86346049979329,1
parth,ADHD,Happiness,1.90533239999786,1
parth,ADHD,Disgust,1.76216430030763,0
parth,ADHD,Anger,2.62484290031716,1
parth,ADHD,Surprise,2.32510640006512,1
parth,ADHD,Disgust,2.60506009962409,0
parth,ADHD,Disgust,2.26688250014558,1
parth,ADHD,Happiness,2.12491500005126,1
parth,ADHD,Surprise,4.52875179983675,1
parth,ADHD,Anger,3.59255870012566,1
parth,ADHD,Anger,3.46448810026049,0
parth,ADHD,Fear,1.63992740027606,0
parth,ADHD,Happiness,3.83876179996877,1
parth,ADHD,Fear,9.59205880016088,0
parth,ADHD,Happiness,1.25241190008819,1
parth,ADHD,Disgust,3.47392590017989,0
parth,ADHD,Surprise,7.83850790001452,0
parth,ADHD,Happiness,0.588347900193184,1
parth,ADHD,Sadness,0.493033300153911,1
parth,ADHD,Fear,2.05880319979041,0
parth,ADHD,Sadness,3.72503030020743,1
parth,ADHD,Fear,2.52811630023643,1
parth,ADHD,Anger,1.35177249973639,1
parth,ADHD,Surprise,1.46016519982367,1
parth,ADHD,Anger,1.47191509976983,1
parth,ADHD,Happiness,1.67885870020836,1
parth,ADHD,Anger,0.999277899973094,1
parth,ADHD,Fear,5.03216460021212,0
parth,ADHD,Disgust,1.84732390008866,0
parth,ADHD,Anger,1.69661770015954,1
parth,ADHD,Surprise,2.99466690002009,0
parth,ADHD,Surprise,2.06699119973927,1
parth,ADHD,Disgust,2.35891399998217,0
parth,ADHD,Sadness,2.67089239973574,1
vivaan,ADHD,Sadness,0.405726800207048,1
vivaan,ADHD,Disgust,2.28328690025955,0
vivaan,ADHD,Disgust,2.42256500013172,0
vivaan,ADHD,Fear,0.618887700140476,1
vivaan,ADHD,Sadness,0.611392799764871,1
vivaan,ADHD,Surprise,0.994725600350648,1
vivaan,ADHD,Fear,1.77887709997594,0
vivaan,ADHD,Fear,3.63857460021972,0
vivaan,ADHD,Fear,5.03029380040243,0
vivaan,ADHD,Happiness,0.334841799922287,1
vivaan,ADHD,Happiness,0.238341299816966,1
vivaan,ADHD,Happiness,0.284108199644833,1
vivaan,ADHD,Anger,0.361979899927973,0
vivaan,ADHD,Anger,2.96577020036056,0
vivaan,ADHD,Fear,0.809821700211614,0
vivaan,ADHD,Sadness,3.90272310003638,0
vivaan,ADHD,Surprise,2.98120980011299,1
vivaan,ADHD,Surprise,1.45091940043494,0
vivaan,ADHD,Disgust,1.42156170029193,0
vivaan,ADHD,Anger,2.43635199964046,1
vivaan,ADHD,Sadness,2.09806910017505,1
vivaan,ADHD,Disgust,0.538991900160908,0
vivaan,ADHD,Disgust,0.384045499842613,0
vivaan,ADHD,Sadness,0.341016900260001,1
vivaan,ADHD,Disgust,3.18532430008053,0
vivaan,ADHD,Fear,2.48707129992544,0
vivaan,ADHD,Surprise,0.324608800001442,0
vivaan,ADHD,Surprise,0.357461699750274,0
vivaan,ADHD,Disgust,2.37259919987991,0
vivaan,ADHD,Anger,0.537838200107216,0
vivaan,ADHD,Happiness,0.374762299936264,1
vivaan,ADHD,Sadness,0.246917800046503,1
vivaan,ADHD,Disgust,3.49726330023258,0
vivaan,ADHD,Sadness,0.233544500079005,1
vivaan,ADHD,Happiness,0.28628550004214,1
vivaan,ADHD,Surprise,0.378431600052863,0
vivaan,ADHD,Sadness,0.404137899633497,1
vivaan,ADHD,Surprise,1.97986549977213,0
vivaan,ADHD,Happiness,0.348167899996042,1
vivaan,ADHD,Anger,1.69730210024863,0
vivaan,ADHD,Fear,3.86272919969633,0
vivaan,ADHD,Anger,0.983944099862128,1
vivaan,ADHD,Anger,0.276604000013321,1
vivaan,ADHD,Fear,1.63842000020667,0
harsh vardhan,NORMAL,Happiness,2.16492819972336,1
harsh vardhan,NORMAL,Fear,3.17435020022094,0
harsh vardhan,NORMAL,Fear,3.5061554997228,1
harsh vardhan,NORMAL,Anger,2.5221245996654,0
harsh vardhan,NORMAL,Disgust,4.39036830002442,0
harsh vardhan,NORMAL,Anger,1.22625949978828,1
harsh vardhan,NORMAL,Anger,3.68050960032269,0
harsh vardhan,NORMAL,Anger,0.888904499821364,1
harsh vardhan,NORMAL,Sadness,1.92093660030514,1
harsh vardhan,NORMAL,Anger,1.90275010000914,0
harsh vardhan,NORMAL,Disgust,4.28132979990914,1
harsh vardhan,NORMAL,Sadness,0.531364200171083,1
harsh vardhan,NORMAL,Sadness,5.87086489982903,0
harsh vardhan,NORMAL,Sadness,7.89790199976414,0
harsh vardhan,NORMAL,Surprise,7.83320849994197,0
harsh vardhan,NORMAL,Surprise,2.66032369993627,1
harsh vardhan,NORMAL,Fear,1.29778569983318,0
harsh vardhan,NORMAL,Anger,0.992906999774277,0
harsh vardhan,NORMAL,Surprise,4.97239119978621,0
harsh vardhan,NORMAL,Fear,1.01682520005851,0
harsh vardhan,NORMAL,Disgust,3.63368600001558,1
harsh vardhan,NORMAL,Fear,0.654257800430059,0
harsh vardhan,NORMAL,Surprise,3.36460350034758,0
harsh vardhan,NORMAL,Fear,1.14030440011993,1
harsh vardhan,NORMAL,Sadness,1.13663130020722,1
harsh vardhan,NORMAL,Fear,9.00741420034319,0
harsh vardhan,NORMAL,Sadness,0.504627099726349,1
harsh vardhan,NORMAL,Disgust,0.866304999683052,0
harsh vardhan,NORMAL,Surprise,1.68398059997707,1
harsh vardhan,NORMAL,Anger,0.534510499797761,0
harsh vardhan,NORMAL,Happiness,2.1836466002278,1
harsh vardhan,NORMAL,Fear,3.33151210006326,1
harsh vardhan,NORMAL,Surprise,0.420497999992221,1
harsh vardhan,NORMAL,Disgust,1.61881170002743,0
harsh vardhan,NORMAL,Sadness,2.33113189972937,1
harsh vardhan,NORMAL,Surprise,0.227406400255858,0
harsh vardhan,NORMAL,Happiness,0.374478200450539,1
harsh vardhan,NORMAL,Happiness,0.281000600196421,1
harsh vardhan,NORMAL,Disgust,0.411519699729979,0
harsh vardhan,NORMAL,Happiness,0.273405999876558,1
harsh vardhan,NORMAL,Happiness,0.245273999869823,1
harsh vardhan,NORMAL,Anger,0.413040699902921,1
harsh vardhan,NORMAL,Disgust,4.31309750024229,1
harsh vardhan,NORMAL,Disgust,2.59204040002077,1
harsh vardhan,NORMAL,Sadness,0.220729399938136,1
harsh vardhan,NORMAL,Surprise,4.57379180006682,0
jos,ADHD,Disgust,0.630715900100767,1
jos,ADHD,Disgust,1.32131660031154,0
jos,ADHD,Happiness,0.414715399965643,1
jos,ADHD,Sadness,0.505437400192022,1
jos,ADHD,Anger,2.1522869002074,0
jos,ADHD,Sadness,3.14926169998943,1
jos,ADHD,Disgust,0.552589399740099,1
jos,ADHD,Sadness,2.74516519997268,0
jos,ADHD,Happiness,2.66885140025988,0
jos,ADHD,Surprise,0.899171600118279,1
jos,ADHD,Happiness,1.40998340025544,1
jos,ADHD,Fear,0.584493999835103,0
jos,ADHD,Anger,0.870010700076818,0
jos,ADHD,Disgust,0.834761500358581,1
jos,ADHD,Fear,3.37063509970903,1
jos,ADHD,Fear,1.42513290001079,1
jos,ADHD,Anger,2.16187210008502,0
jos,ADHD,Sadness,7.43719860026612,0
jos,ADHD,Happiness,0.407553399913013,1
jos,ADHD,Surprise,0.387812800239771,1
jos,ADHD,Sadness,1.252401500009,0
jos,ADHD,Disgust,1.84427500003948,1
jos,ADHD,Fear,0.963891299907118,0
jos,ADHD,Fear,2.3587573999539,0
jos,ADHD,Disgust,0.477776600047946,1
jos,ADHD,Anger,0.470675299875438,0
jos,ADHD,Anger,0.502528000157326,0
jos,ADHD,Surprise,0.811799699906259,1
jos,ADHD,Happiness,0.449384199921041,1
jos,ADHD,Happiness,0.751287499908357,1
jos,ADHD,Surprise,0.233223099727183,1
jos,ADHD,Happiness,0.609080099966377,1
jos,ADHD,Sadness,0.856856200378388,1
jos,ADHD,Sadness,0.588671799749136,1
jos,ADHD,Anger,1.10269570024684,0
jos,ADHD,Surprise,0.641643299721181,1
jos,ADHD,Disgust,1.2058963002637,1
jos,ADHD,Surprise,3.07373819965869,0
jos,ADHD,Surprise,1.91777699999511,1
Johan,ADHD,Fear,8.29617660026997,0
Johan,ADHD,Surprise,0.560414200183004,1
Johan,ADHD,Sadness,1.77470570011064,0
Johan,ADHD,Surprise,3.94496620027348,1
Johan,ADHD,Anger,6.267950899899,1
Johan,ADHD,Surprise,0.634226200170815,0
Johan,ADHD,Fear,1.77858629962429,0
Johan,ADHD,Happiness,1.07799110002815,1
Johan,ADHD,Disgust,1.92804480018094,1
Johan,ADHD,Disgust,2.2995144999586,0
Johan,ADHD,Sadness,3.3157080002129,1
Johan,ADHD,Anger,1.16545420000329,0
Johan,ADHD,Fear,0.733927700202912,1
Johan,ADHD,Fear,0.905481500085443,0
Johan,ADHD,Fear,0.226886400021612,0
Johan,ADHD,Anger,0.671510899905115,1
Johan,ADHD,Fear,1.97407179977744,0
Johan,ADHD,Happiness,0.205892500001937,1
Johan,ADHD,Surprise,1.2379494998604,0
Johan,ADHD,Sadness,2.17217769986018,0
Johan,ADHD,Sadness,2.47968500014394,1
Johan,ADHD,Disgust,0.728924299590289,0
Johan,ADHD,Disgust,2.60291650006547,1
Johan,ADHD,Disgust,0.862163899932056,0
Johan,ADHD,Anger,1.04691479960456,1
Johan,ADHD,Disgust,1.43258309969678,1
Johan,ADHD,Surprise,0.533110300078988,0
Johan,ADHD,Anger,3.33853060007095,1
Johan,ADHD,Surprise,4.18881800025701,1
Johan,ADHD,Happiness,0.653898600023239,1
Johan,ADHD,Happiness,5.50486970040947,1
prisha,ADHD,Anger,2.32207460002973,1
prisha,ADHD,Anger,2.78410459996666,0
prisha,ADHD,Disgust,1.63795599993318,0
prisha,ADHD,Surprise,0.408371799974702,1
prisha,ADHD,Happiness,0.46411810000427,1
prisha,ADHD,Sadness,0.281449100002646,1
prisha,ADHD,Disgust,0.238201500033028,0
prisha,ADHD,Disgust,2.90568690001964,0
prisha,ADHD,Surprise,0.530219299951568,0
prisha,ADHD,Surprise,1.5501960000256,1
prisha,ADHD,Anger,1.66511100006755,1
prisha,ADHD,Happiness,0.338910500053316,1
prisha,ADHD,Anger,0.334829299943521,1
prisha,ADHD,Surprise,0.424542800057679,1
prisha,ADHD,Surprise,0.318621499929577,0
prisha,ADHD,Sadness,2.46605940000154,0
prisha,ADHD,Happiness,0.761203599977307,1
prisha,ADHD,Fear,0.419506200007163,0
prisha,ADHD,Happiness,0.463102699955925,1
prisha,ADHD,Sadness,3.97486219997517,0
prisha,ADHD,Happiness,0.551194900064729,1
prisha,ADHD,Fear,4.84490669996012,0
prisha,ADHD,Fear,7.95378759992308,1
prisha,ADHD,Disgust,1.59085349994711,0
prisha,ADHD,Sadness,4.16891209990717,1
prisha,ADHD,Surprise,0.287836099974811,0
prisha,ADHD,Disgust,2.17461820004973,0
prisha,ADHD,Sadness,0.351949699921533,0
prisha,ADHD,Fear,1.87183850002475,0
prisha,ADHD,Sadness,3.55768730002455,0
prisha,ADHD,Happiness,0.681706300005316,1
prisha,ADHD,Disgust,0.828605799935758,0
prisha,ADHD,Disgust,1.57023069995921,0
prisha,ADHD,Sadness,1.28301509993616,0
prisha,ADHD,Surprise,0.735764299985021,0
prisha,ADHD,Happiness,0.318013200070709,1
prisha,ADHD,Fear,0.284285900066606,0
prisha,ADHD,Anger,0.479441000032238,0
prisha,ADHD,Surprise,2.43345050001516,0
prisha,ADHD,Anger,0.370029799989424,0
prisha,ADHD,Sadness,0.657736100023612,1
prisha,ADHD,Fear,0.501973000005818,1
prisha,ADHD,Fear,2.07128190004732,0
prisha,ADHD,Fear,0.42919900000561,1
prisha,ADHD,Anger,9.03337419999297,1
prisha,ADHD,Disgust,1.09789360000286,0
prisha,ADHD,Anger,6.13010110007599,0
anbu,ADHD,Anger,4.03707279998343,1
anbu,ADHD,Disgust,2.00480150000657,1
anbu,ADHD,Fear,1.52751250006258,1
anbu,ADHD,Happiness,0.750182099989615,1
anbu,ADHD,Sadness,3.43590749998111,1
anbu,ADHD,Fear,3.57447359990328,0
anbu,ADHD,Anger,2.83384770003613,1
anbu,ADHD,Anger,1.86586619995068,0
anbu,ADHD,Surprise,1.68563960003666,1
anbu,ADHD,Fear,3.40062700002454,0
anbu,ADHD,Surprise,0.436445900006219,0
anbu,ADHD,Sadness,2.46782949997577,1
anbu,ADHD,Surprise,1.52424870000686,1
anbu,ADHD,Surprise,2.06714179995469,1
anbu,ADHD,Disgust,1.47193370002787,1
anbu,ADHD,Disgust,0.762486399966292,1
anbu,ADHD,Surprise,0.557400700054131,0
anbu,ADHD,Sadness,0.505892800050787,1
anbu,ADHD,Fear,2.26454809994902,0
anbu,ADHD,Happiness,0.581645000027492,1
anbu,ADHD,Happiness,0.828778299968689,1
anbu,ADHD,Disgust,6.95936039998196,1
anbu,ADHD,Anger,2.3248031999683,1
anbu,ADHD,Fear,1.83978819998446,0
anbu,ADHD,Sadness,2.94729649997316,1
anbu,ADHD,Anger,3.01892780000343,1
anbu,ADHD,Sadness,0.443869599956087,1
anbu,ADHD,Happiness,1.67864579998422,1
anbu,ADHD,Sadness,4.57480129995383,1
anbu,ADHD,Disgust,2.86774860008154,0
anbu,ADHD,Fear,1.21088380005676,0
anbu,ADHD,Surprise,1.03793069999665,1
anbu,ADHD,Anger,2.66179069993086,1
anbu,ADHD,Sadness,2.37901050003711,1
anbu,ADHD,Surprise,3.5595681000268,0
anbu,ADHD,Anger,2.93260770000051,1
anbu,ADHD,Sadness,8.54992450005374,0
anbu,ADHD,Disgust,0.857192399911582,1
anbu,ADHD,Happiness,0.579614200047217,1
anbu,ADHD,Disgust,1.23300009989179,1
anbu,ADHD,Surprise,1.46342479996383,1
anbu,ADHD,Disgust,0.877145200036466,1
anbu,ADHD,Happiness,0.412605000077746,1
anbu,ADHD,Happiness,1.52075460006017,1
anbu,ADHD,Fear,3.08013190003111,0
anbu,ADHD,Anger,0.623741699964739,0
anbu,ADHD,Fear,2.03655690001323,0
anbu,ADHD,Happiness,0.454688500030897,1
aayan,ADHD,Anger,0.622135799843818,1
aayan,ADHD,Sadness,0.492829200113192,1
aayan,ADHD,Sadness,1.57837740005925,0
aayan,ADHD,Surprise,2.69964999984949,0
aayan,ADHD,Surprise,0.360809999983757,0
aayan,ADHD,Surprise,0.825412900187075,0
aayan,ADHD,Disgust,1.44567409995943,0
aayan,ADHD,Surprise,0.667805799981579,0
aayan,ADHD,Anger,0.61144070001319,1
aayan,ADHD,Anger,5.00562889990396,0
aayan,ADHD,Sadness,3.4192065000534,1
aayan,ADHD,Happiness,0.238918999908491,1
aayan,ADHD,Happiness,0.281656100181862,1
aayan,ADHD,Sadness,1.21847329987213,1
aayan,ADHD,Disgust,0.297529899980872,0
aayan,ADHD,Surprise,0.748584999935701,0
aayan,ADHD,Anger,1.53619170002639,0
aayan,ADHD,Fear,2.41889800014905,1
aayan,ADHD,Happiness,0.965288700070232,1
aayan,ADHD,Disgust,1.57378089986741,0
aayan,ADHD,Disgust,4.7833074000664,1
aayan,ADHD,Disgust,0.350469699827954,1
aayan,ADHD,Sadness,1.53319379989989,1
aayan,ADHD,Fear,1.30692659993655,0
aayan,ADHD,Anger,0.226375699974596,0
aayan,ADHD,Happiness,0.64924079994671,1
aayan,ADHD,Fear,0.58514709980227,0
aayan,ADHD,Fear,2.76354110008105,0
aayan,ADHD,Sadness,0.71048739994876,1
aayan,ADHD,Fear,0.588053999934345,0
aayan,ADHD,Surprise,0.34088350017555,1
aayan,ADHD,Surprise,0.201434899820014,0
aayan,ADHD,Anger,0.935874900082126,0
aayan,ADHD,Anger,0.902753799920901,1
aayan,ADHD,Disgust,4.40972410002723,0
aayan,ADHD,Surprise,2.57567879999987,1
aayan,ADHD,Disgust,2.15509310015477,0
aayan,ADHD,Fear,0.6056288999971,0
anamik,ADHD,Surprise,4.96952000004239,1
anamik,ADHD,Happiness,1.91265970002859,1
anamik,ADHD,Sadness,1.48742889985442,1
anamik,ADHD,Anger,2.77245789999142,1
anamik,ADHD,Disgust,1.97308200015686,1
anamik,ADHD,Surprise,2.03638889989815,1
anamik,ADHD,Happiness,1.73737429990433,1
anamik,ADHD,Surprise,3.75018239999189,1
anamik,ADHD,Fear,2.66408380004577,1
anamik,ADHD,Anger,2.30830310005694,1
anamik,ADHD,Fear,5.50837869988754,1
anamik,ADHD,Fear,1.61545230005867,1
anamik,ADHD,Anger,2.21476700017228,1
anamik,ADHD,Happiness,1.51376179978251,1
anamik,ADHD,Sadness,1.81653279997408,1
anamik,ADHD,Happiness,1.56053219991736,1
anamik,ADHD,Disgust,1.61724890000186,1
anamik,ADHD,Disgust,2.22366670006886,0
anamik,ADHD,Surprise,1.50328629999421,1
anamik,ADHD,Happiness,1.47701939987018,1
anamik,ADHD,Surprise,2.23222980019636,1
anamik,ADHD,Fear,4.76601709984242,1
anamik,ADHD,Sadness,2.27323779999278,0
anamik,ADHD,Disgust,4.04462000005878,1
anamik,ADHD,Disgust,1.74527460010722,1
anamik,ADHD,Fear,1.79976740013808,1
anamik,ADHD,Sadness,2.56404139986261,1
anamik,ADHD,Anger,2.31183489994145,1
anamik,ADHD,Happiness,1.50855650007724,1
anamik,ADHD,Surprise,1.84772700001485,1
anamik,ADHD,Fear,2.93846650002524,1
anamik,ADHD,Disgust,2.63303509983234,0
anamik,ADHD,Fear,2.98304920014925,0
anamik,ADHD,Sadness,2.08589349989779,0
anamik,ADHD,Anger,2.9661820998881,1
anamik,ADHD,Surprise,1.63292549992911,1
anamik,ADHD,Disgust,1.98463059985078,1
anamik,ADHD,Fear,2.59945950005203,1
anamik,ADHD,Happiness,1.63229410001076,1
anamik,ADHD,Anger,1.43863160000182,1
anamik,ADHD,Sadness,1.60107659990899,1
anamik,ADHD,Surprise,1.40871730004437,1
anamik,ADHD,Sadness,1.92492039990611,0
anamik,ADHD,Anger,1.97927869996055,1
anamik,ADHD,Sadness,1.57529030018486,1
anamik,ADHD,Happiness,1.51635610009543,1
anamik,ADHD,Anger,2.89948099991306,1
anamik,ADHD,Disgust,4.04502309998497,1
naishita,ADHD,Sadness,1.13484130008146,1
naishita,ADHD,Fear,1.09916079998947,0
naishita,ADHD,Sadness,0.254547999938949,1
naishita,ADHD,Anger,0.861037199851125,1
naishita,ADHD,Fear,1.74482849985361,0
naishita,ADHD,Happiness,0.493090000003576,1
naishita,ADHD,Disgust,0.538851599907502,0
naishita,ADHD,Anger,0.220187700120732,1
naishita,ADHD,Surprise,2.4623139000032,1
naishita,ADHD,Fear,1.90682310005649,0
naishita,ADHD,Happiness,0.858912999974563,1
naishita,ADHD,Disgust,1.12380550010129,1
naishita,ADHD,Disgust,0.543824699940159,1
naishita,ADHD,Surprise,0.456750799901783,1
naishita,ADHD,Disgust,1.91730870003812,0
naishita,ADHD,Fear,2.35243330011144,0
naishita,ADHD,Anger,0.478940000059083,0
naishita,ADHD,Fear,2.39493479998782,0
naishita,ADHD,Sadness,0.782941400073468,1
naishita,ADHD,Anger,0.380379799986258,1
naishita,ADHD,Surprise,0.330352499848231,1
naishita,ADHD,Happiness,0.762931100092828,1
naishita,ADHD,Disgust,0.326994200004264,1
naishita,ADHD,Surprise,4.68753160000778,1
naishita,ADHD,Happiness,2.18071369989775,1
naishita,ADHD,Surprise,1.4669516000431,1
naishita,ADHD,Sadness,1.30899509997107,0
naishita,ADHD,Anger,1.59253449994139,1
naishita,ADHD,Fear,0.900583799928426,0
naishita,ADHD,Disgust,2.35068220016546,0
naishita,ADHD,Surprise,1.63696960010565,1
naishita,ADHD,Fear,2.41855010017752,0
naishita,ADHD,Anger,1.04248620010912,1
naishita,ADHD,Disgust,0.416777400067076,1
naishita,ADHD,Anger,0.633301599882543,1
naishita,ADHD,Disgust,0.567233300069347,1
naishita,ADHD,Happiness,0.376374199986457,1
naishita,ADHD,Happiness,0.246510999975726,1
naishita,ADHD,Anger,2.19954309985041,0
naishita,ADHD,Surprise,0.212213299935683,1
naishita,ADHD,Sadness,0.265072099864482,0
naishita,ADHD,Happiness,0.762216599890962,1
naishita,ADHD,Surprise,0.323833799920976,1
avyaan,ADHD,Surprise,1.60733589995652,1
avyaan,ADHD,Sadness,0.973345899954438,1
avyaan,ADHD,Fear,2.80156640009954,0
avyaan,ADHD,Sadness,0.270810900023207,1
avyaan,ADHD,Surprise,0.794338400010019,1
avyaan,ADHD,Happiness,0.292515199864283,1
avyaan,ADHD,Anger,6.67324190004728,0
avyaan,ADHD,Happiness,0.330602099886164,1
avyaan,ADHD,Disgust,0.539478099904954,1
avyaan,ADHD,Sadness,0.333747200202196,1
avyaan,ADHD,Anger,0.36395170004107,1
avyaan,ADHD,Surprise,0.325527900131419,1
avyaan,ADHD,Surprise,0.696556899929419,1
avyaan,ADHD,Sadness,0.636735199950635,1
avyaan,ADHD,Anger,1.14286020002327,0
avyaan,ADHD,Disgust,7.13793469988741,1
avyaan,ADHD,Fear,2.14479789999313,0
avyaan,ADHD,Fear,6.3603199000936,0
avyaan,ADHD,Disgust,1.31036220001988,0
avyaan,ADHD,Happiness,0.21892899996601,1
avyaan,ADHD,Surprise,7.35577280004508,1
avyaan,ADHD,Anger,5.64666779991239,0
avyaan,ADHD,Happiness,0.260138799902051,1
avyaan,ADHD,Happiness,0.721188800176605,1
avyaan,ADHD,Fear,8.6541094998829,0
avyaan,ADHD,Sadness,0.341112199937924,1
avyaan,ADHD,Sadness,6.64689449989236,1
avyaan,ADHD,Sadness,4.40435319999232,1
avyaan,ADHD,Fear,0.696921699913218,0
avyaan,ADHD,Happiness,0.339731399901211,1
avyaan,ADHD,Happiness,0.296990599948912,1
avyaan,ADHD,Happiness,0.452621300006285,1
avyaan,ADHD,Fear,4.15215170010924,1
avyaan,ADHD,Surprise,0.356015100143849,1
avyaan,ADHD,Surprise,0.342682099901139,1
avyaan,ADHD,Fear,2.33226090017706,0
avyaan,ADHD,Sadness,1.28655209997668,1
avyaan,ADHD,Disgust,0.847834100015461,1
avyaan,ADHD,Disgust,5.83663959987461,0
avyaan,ADHD,Disgust,2.59912249981425,0
avyaan,ADHD,Surprise,0.409479399910196,1
avyaan,ADHD,Fear,1.98747359984554,0
avyaan,ADHD,Anger,3.37489430001005,0
anshika,ADHD,Sadness,1.41469090012833,1
anshika,ADHD,Anger,1.4081343000289,0
anshika,ADHD,Sadness,0.219533399911597,1
anshika,ADHD,Surprise,0.392106000101193,1
anshika,ADHD,Fear,0.234384999843314,0
anshika,ADHD,Anger,0.372063999995589,1
anshika,ADHD,Sadness,1.77841029991395,1
anshika,ADHD,Sadness,0.350506200222298,1
anshika,ADHD,Disgust,0.51413630018942,1
anshika,ADHD,Anger,1.14915969991125,0
anshika,ADHD,Disgust,1.21341040008701,0
anshika,ADHD,Happiness,0.356496399966999,1
anshika,ADHD,Happiness,0.228398400126025,1
anshika,ADHD,Happiness,0.537922899937257,1
anshika,ADHD,Fear,2.26364560006186,0
anshika,ADHD,Anger,1.33576839999295,1
anshika,ADHD,Happiness,0.217890399973839,1
anshika,ADHD,Happiness,0.471378399990499,1
anshika,ADHD,Surprise,0.463414099998772,1
anshika,ADHD,Surprise,2.00811399985104,0
anshika,ADHD,Anger,0.691666800063103,1
anshika,ADHD,Fear,0.31484209978953,1
anshika,ADHD,Anger,1.99504270008765,1
anshika,ADHD,Anger,4.16948279994539,1
anshika,ADHD,Surprise,0.286162900039926,0
anshika,ADHD,Happiness,0.627692800015211,1
anshika,ADHD,Disgust,1.23395140003412,1
anshika,ADHD,Sadness,0.54966520005837,0
anshika,ADHD,Sadness,0.509081199998036,0
anshika,ADHD,Fear,2.89433960011228,1
anshika,ADHD,Happiness,0.352593600051477,1
anshika,ADHD,Fear,0.652613600017502,0
anshika,ADHD,Fear,0.804702800000086,0
anshika,ADHD,Disgust,1.20804499997757,1
anshika,ADHD,Fear,2.43378000007942,0
anshika,ADHD,Disgust,1.00304740015417,1
anshika,ADHD,Surprise,0.271503200056031,0
anshika,ADHD,Disgust,0.675494599854573,1
anshika,ADHD,Fear,4.47946469997987,0
anshika,ADHD,Surprise,2.7042627998162,1
anshika,ADHD,Anger,1.73298369999974,0
anshika,ADHD,Surprise,1.33541659987531,1
anshika,ADHD,Sadness,0.306903599994257,1
anshika,ADHD,Surprise,0.605752600124105,1
anshika,ADHD,Disgust,0.857078799977898,1
anshika,ADHD,Disgust,0.313981000101193,1
akanksha,ADHD,Disgust,9.67446769983507,0
akanksha,ADHD,Sadness,0.661175299901515,1
akanksha,ADHD,Sadness,2.17298840009607,1
akanksha,ADHD,Surprise,5.75845950003713,0
akanksha,ADHD,Happiness,1.13663439988158,1
akanksha,ADHD,Happiness,0.21165579999797,1
akanksha,ADHD,Surprise,1.70219479990191,1
akanksha,ADHD,Happiness,8.91779350000433,1
akanksha,ADHD,Happiness,1.88529200013726,1
akanksha,ADHD,Fear,2.62194940005429,0
akanksha,ADHD,Disgust,1.42106449999846,1
akanksha,ADHD,Surprise,3.58392450003884,1
akanksha,ADHD,Disgust,1.65734970010817,1
akanksha,ADHD,Fear,9.27450659987516,0
akanksha,ADHD,Happiness,1.16475269990041,1
akanksha,ADHD,Surprise,4.52391170011833,1
akanksha,ADHD,Fear,1.21786560001783,0
akanksha,ADHD,Fear,6.90739020006731,0
akanksha,ADHD,Surprise,0.413411200046539,1
akanksha,ADHD,Sadness,0.279491599882021,0
akanksha,ADHD,Disgust,1.93575670011341,1
akanksha,ADHD,Anger,1.18549349997192,1
akanksha,ADHD,Surprise,3.59455899987369,1
akanksha,ADHD,Anger,2.04364589997567,1
akanksha,ADHD,Sadness,0.238584300037473,1
akanksha,ADHD,Sadness,6.08334560017101,0
akanksha,ADHD,Sadness,4.60012550000101,0
akanksha,ADHD,Anger,5.83746790001168,1
akanksha,ADHD,Disgust,3.2907926000189,1
akanksha,ADHD,Disgust,3.21841560001485,0
akanksha,ADHD,Happiness,0.926091400207951,1
akanksha,ADHD,Anger,1.49670579982921,1
akanksha,ADHD,Happiness,0.22968230000697,1
akanksha,ADHD,Disgust,5.99636920006014,1
akanksha,ADHD,Anger,3.30887239985168,0
akanksha,ADHD,Surprise,1.6428667998407,1
akanksha,ADHD,Anger,6.93982480000704,0
akanksha,ADHD,Disgust,2.56216339999809,0
akanksha,ADHD,Sadness,2.31159040005877,0
akanksha,ADHD,Happiness,0.38296870002523,1
akanksha,ADHD,Fear,1.80114080011844,0
akanksha,ADHD,Surprise,0.284418999915942,1
arin,ADHD,Sadness,1.6749404000584,1
arin,ADHD,Sadness,1.33887710003182,1
arin,ADHD,Disgust,1.52954780007712,1
arin,ADHD,Sadness,1.75577579997479,1
arin,ADHD,Surprise,2.97763500013388,1
arin,ADHD,Surprise,1.76964830001816,1
arin,ADHD,Anger,1.00751759996637,0
arin,ADHD,Sadness,0.487603100016713,1
arin,ADHD,Fear,4.33652990008704,0
arin,ADHD,Disgust,1.36880439985543,0
arin,ADHD,Fear,0.655549900140613,0
arin,ADHD,Anger,0.830026699928566,1
arin,ADHD,Sadness,5.74860469996929,0
arin,ADHD,Fear,1.92165079992264,0
arin,ADHD,Disgust,1.55471930000931,1
arin,ADHD,Disgust,1.08445720002055,1
arin,ADHD,Anger,2.31704240012913,1
arin,ADHD,Anger,0.907906299922615,1
arin,ADHD,Happiness,1.16276780003681,1
arin,ADHD,Anger,0.365159700158983,0
arin,ADHD,Fear,0.836195700103417,0
arin,ADHD,Surprise,1.08266169996932,1
arin,ADHD,Surprise,0.336565300123766,0
arin,ADHD,Sadness,1.27749469992704,1
arin,ADHD,Anger,0.631479500094428,0
arin,ADHD,Happiness,0.648312099976465,1
arin,ADHD,Surprise,1.5199645999819,0
arin,ADHD,Surprise,3.01558380015194,1
arin,ADHD,Disgust,0.920915500028058,0
arin,ADHD,Fear,0.602086500031873,1
arin,ADHD,Anger,2.98959290003404,0
arin,ADHD,Happiness,0.361597100039944,1
arin,ADHD,Fear,0.372946700081229,1
arin,ADHD,Happiness,1.78524270001798,1
arin,ADHD,Happiness,0.718387600034475,1
arin,ADHD,Happiness,1.32637730007991,1
arin,ADHD,Disgust,1.12306180014275,0
arin,ADHD,Happiness,0.952127200085669,1
arin,ADHD,Surprise,1.47532099997624,1
arin,ADHD,Anger,1.00114210019819,0
arin,ADHD,Sadness,0.850472099846229,1
arin,ADHD,Fear,0.28758560004644,0
arin,ADHD,Fear,0.321750599890947,0
arin,ADHD,Disgust,0.754760000156238,1
arin,ADHD,Disgust,0.596773800207302,1
arin,ADHD,Happiness,0.44660190003924,1
meha,NORMAL,Fear,1.7089188999962,1
meha,NORMAL,Happiness,0.619521599961444,1
meha,NORMAL,Surprise,0.851486300118267,1
meha,NORMAL,Sadness,1.44624149985611,1
meha,NORMAL,Sadness,2.19596339995041,1
meha,NORMAL,Sadness,1.67838379996828,0
meha,NORMAL,Surprise,1.87792399991303,1
meha,NORMAL,Anger,3.20367189985699,0
meha,NORMAL,Sadness,6.48869559983722,0
meha,NORMAL,Happiness,0.595287400064989,1
meha,NORMAL,Disgust,1.0900995999109,1
meha,NORMAL,Disgust,1.82393079996109,1
meha,NORMAL,Happiness,2.60395020013675,0
meha,NORMAL,Fear,1.46878909994848,0
meha,NORMAL,Surprise,1.09736629994586,1
meha,NORMAL,Disgust,2.77440900006331,0
meha,NORMAL,Disgust,0.849606599891558,1
meha,NORMAL,Surprise,0.428988500032573,1
meha,NORMAL,Surprise,0.405670400010421,1
meha,NORMAL,Disgust,0.498833299847319,1
meha,NORMAL,Surprise,0.942925399867817,1
meha,NORMAL,Fear,1.21714519988745,1
meha,NORMAL,Disgust,0.650035999948158,1
meha,NORMAL,Sadness,1.45562830008566,0
meha,NORMAL,Anger,0.444451899966225,0
meha,NORMAL,Sadness,0.459747599903494,0
meha,NORMAL,Anger,1.72250390006229,1
meha,NORMAL,Happiness,0.393068799981847,1
meha,NORMAL,Anger,1.78478790004737,0
meha,NORMAL,Anger,1.16477850009687,1
meha,NORMAL,Happiness,0.498346199980005,1
meha,NORMAL,Happiness,0.427251399960368,1
meha,NORMAL,Surprise,0.437639100011438,1
meha,NORMAL,Fear,2.75186450011096,1
meha,NORMAL,Anger,1.8788673998788,0
meha,NORMAL,Fear,0.479477800196036,1
meha,NORMAL,Surprise,1.46308939997106,1
meha,NORMAL,Disgust,0.529500500066205,1
meha,NORMAL,Anger,1.83264810009859,1
meha,NORMAL,Fear,0.424834999954327,1
meha,NORMAL,Sadness,0.431023600045591,1
meha,NORMAL,Happiness,0.462929000146687,1
meha,NORMAL,Fear,1.03450389998033,1
meha,NORMAL,Disgust,2.18464810005389,1
meha,NORMAL,Happiness,0.351593900006264,1
meha,NORMAL,Sadness,0.271373700117692,1
meha,NORMAL,Anger,1.54131540004163,1
meha,NORMAL,Fear,0.423189100110903,1
aarav continua,ADHD,Anger,4.77229719981551,1
aarav continua,ADHD,Happiness,0.947655699914321,1
aarav continua,ADHD,Fear,0.518660299945622,0
aarav continua,ADHD,Disgust,1.5937447999604,0
aarav continua,ADHD,Sadness,3.19959920016117,0
aarav continua,ADHD,Happiness,1.22660139994695,1
aarav continua,ADHD,Fear,6.27013459987938,0
aarav continua,ADHD,Disgust,7.51058570016175,0
aarav continua,ADHD,Anger,2.24581490014679,0
aarav continua,ADHD,Fear,1.11777020012959,1
aarav continua,ADHD,Sadness,0.446979000000283,1
aarav continua,ADHD,Fear,0.386597299948334,0
aarav continua,ADHD,Sadness,1.02727900003083,1
aarav continua,ADHD,Anger,1.52250050008296,1
aarav continua,ADHD,Surprise,0.651336600072681,1
aarav continua,ADHD,Happiness,1.78032819996587,0
aarav continua,ADHD,Sadness,1.16693429998122,1
aarav continua,ADHD,Fear,0.384915200062096,0
aarav continua,ADHD,Anger,0.471094100037589,1
aarav continua,ADHD,Disgust,1.12000120012089,0
aarav continua,ADHD,Sadness,0.710798799991607,0
aarav continua,ADHD,Surprise,2.0487845998723,1
aarav continua,ADHD,Sadness,0.402980499900877,1
aarav continua,ADHD,Surprise,0.812827500049024,1
aarav continua,ADHD,Happiness,2.1961907998193,1
aarav continua,ADHD,Anger,2.90596699994057,0
aarav continua,ADHD,Happiness,0.797251800075173,1
aarav continua,ADHD,Fear,4.69191609998233,1
aarav continua,ADHD,Disgust,2.4031273999717,0
aarav continua,ADHD,Happiness,0.83788920007646,1
aarav continua,ADHD,Disgust,1.19886570004746,0
aarav continua,ADHD,Anger,1.25372589984908,0
aarav continua,ADHD,Disgust,2.04975829995237,1
aarav continua,ADHD,Anger,2.52360359998419,0
aarav continua,ADHD,Happiness,0.444000500021502,1
aarav continua,ADHD,Surprise,1.51406760001555,0
aarav continua,ADHD,Happiness,2.22069109999574,1
aarav continua,ADHD,Fear,6.25139570003375,0
aarav continua,ADHD,Disgust,2.716088199988,0
aarav continua,ADHD,Surprise,1.79759219987317,1
aarav continua,ADHD,Sadness,0.985796200111508,1
aarav continua,ADHD,Surprise,1.42599989986047,0
aarav continua,ADHD,Fear,2.79036709992215,1
aarav continua,ADHD,Sadness,0.766261999960988,1
madhav,NORMAL,Sadness,3.95596980000846,1
madhav,NORMAL,Happiness,0.782851699972525,1
madhav,NORMAL,Surprise,0.587351799942553,1
madhav,NORMAL,Sadness,0.562699900008738,0
madhav,NORMAL,Happiness,0.464544899994507,1
madhav,NORMAL,Surprise,0.341376699972897,1
madhav,NORMAL,Anger,1.28333760006353,0
madhav,NORMAL,Fear,1.60336920013651,0
madhav,NORMAL,Anger,0.507886599982157,0
madhav,NORMAL,Fear,1.48258679988794,0
madhav,NORMAL,Surprise,1.45996930007822,1
madhav,NORMAL,Disgust,0.825643300078809,1
madhav,NORMAL,Surprise,0.357850000029429,1
madhav,NORMAL,Happiness,0.473051400156691,1
madhav,NORMAL,Disgust,0.818337500095367,0
madhav,NORMAL,Surprise,1.57365639996714,1
madhav,NORMAL,Sadness,0.581937699811533,1
madhav,NORMAL,Fear,0.628148199990391,1
madhav,NORMAL,Disgust,0.700455399928614,0
madhav,NORMAL,Disgust,0.595791300060227,0
madhav,NORMAL,Disgust,0.77070330013521,1
madhav,NORMAL,Fear,1.072053699987,0
madhav,NORMAL,Anger,1.05632580001838,0
madhav,NORMAL,Happiness,0.3924367998261,1
madhav,NORMAL,Anger,2.25591609999537,0
madhav,NORMAL,Disgust,0.477547700051218,1
madhav,NORMAL,Disgust,0.472406500019133,1
madhav,NORMAL,Anger,0.531897600041702,0
madhav,NORMAL,Happiness,0.706525099929422,1
madhav,NORMAL,Fear,0.781569699989631,1
madhav,NORMAL,Sadness,0.776856400072574,1
madhav,NORMAL,Anger,1.746960000135,1
madhav,NORMAL,Sadness,0.50273249996826,1
madhav,NORMAL,Disgust,0.332268300000578,1
madhav,NORMAL,Surprise,0.362959699938073,1
madhav,NORMAL,Happiness,0.346037300070747,1
madhav,NORMAL,Happiness,0.711339600151404,1
madhav,NORMAL,Sadness,1.30319950007833,1
madhav,NORMAL,Surprise,0.765675000147894,1
madhav,NORMAL,Fear,0.433956299908459,0
madhav,NORMAL,Sadness,0.891106599941849,1
madhav,NORMAL,Anger,1.57218579994514,1
madhav,NORMAL,Sadness,0.444936800049617,1
madhav,NORMAL,Fear,0.421724600018933,0
madhav,NORMAL,Fear,0.93939989991486,0
madhav,NORMAL,Anger,0.277386200148612,0
madhav,NORMAL,Surprise,1.80578429996967,1
madhav,NORMAL,Happiness,1.16552220005542,1
divit continua,ADHD,Anger,1.9648640002124,1
divit continua,ADHD,Sadness,0.297868699766695,1
divit continua,ADHD,Surprise,1.11854709964245,0
divit continua,ADHD,Disgust,1.44338440010324,0
divit continua,ADHD,Disgust,1.18930280022323,1
divit continua,ADHD,Fear,1.47353349998593,0
divit continua,ADHD,Disgust,1.01831179996952,0
divit continua,ADHD,Happiness,0.385773899964988,1
divit continua,ADHD,Surprise,0.359427000395953,1
divit continua,ADHD,Happiness,0.369593599811196,1
divit continua,ADHD,Surprise,0.534996300004422,1
divit continua,ADHD,Anger,1.90068640001118,1
divit continua,ADHD,Fear,0.314313500188291,1
divit continua,ADHD,Fear,1.04543980024755,0
divit continua,ADHD,Sadness,4.23516840022057,0
divit continua,ADHD,Sadness,0.794236000161618,0
divit continua,ADHD,Disgust,0.529291099868714,0
divit continua,ADHD,Surprise,0.733771600294858,0
divit continua,ADHD,Anger,0.460831699892878,1
divit continua,ADHD,Anger,0.406834899913519,1
divit continua,ADHD,Surprise,0.994577299803495,1
divit continua,ADHD,Sadness,2.67114849993959,0
divit continua,ADHD,Fear,2.18377109989523,0
divit continua,ADHD,Fear,0.855977800209075,1
divit continua,ADHD,Happiness,1.02638140041381,1
divit continua,ADHD,Disgust,8.96466880012303,0
divit continua,ADHD,Happiness,0.232144300360232,1
divit continua,ADHD,Anger,0.26375909987837,1
divit continua,ADHD,Sadness,0.274921399541199,1
divit continua,ADHD,Happiness,0.374377700034528,1
divit continua,ADHD,Disgust,0.401267900131642,0
divit continua,ADHD,Disgust,2.86878790007904,0
divit continua,ADHD,Surprise,0.292273599654436,1
divit continua,ADHD,Anger,0.216399500146508,1
divit continua,ADHD,Anger,0.340457200072705,1
divit continua,ADHD,Surprise,1.90510640013962,0
divit continua,ADHD,Happiness,0.222423099912703,1
divit continua,ADHD,Fear,0.383418600074946,0
divit continua,ADHD,Sadness,0.252675700001418,1
divit continua,ADHD,Happiness,0.251650900114327,1
divit continua,ADHD,Fear,0.528232600074261,0
divit continua,ADHD,Sadness,0.940863499883562,1
divit continua,ADHD,Fear,0.207435300108045,0
divit continua,ADHD,Happiness,0.235327099915593,1
divit continua,ADHD,Anger,0.592884799931198,1
divit continua,ADHD,Disgust,3.26252500014379,0
divit continua,ADHD,Surprise,0.309869399759918,1
ali,AUTISM,Sadness,0.739061699714511,1
ali,AUTISM,Fear,0.479585799854248,0
ali,AUTISM,Disgust,0.422899399884045,0
ali,AUTISM,Surprise,0.410321899689734,0
ali,AUTISM,Disgust,0.257024300284683,0
ali,AUTISM,Surprise,0.269596700090914,0
ali,AUTISM,Sadness,0.614961199928075,1
ali,AUTISM,Disgust,1.16566639998927,1
ali,AUTISM,Happiness,0.31091669993475,1
ali,AUTISM,Happiness,0.229805899783968,1
ali,AUTISM,Surprise,4.34119210019707,0
ali,AUTISM,Sadness,0.352898300159722,1
ali,AUTISM,Disgust,0.297382700257003,0
ali,AUTISM,Happiness,0.228386099915951,1
ali,AUTISM,Anger,0.604469700250774,1
ali,AUTISM,Fear,0.499082699883729,0
ali,AUTISM,Anger,0.635777200106531,1
ali,AUTISM,Disgust,6.42839090013876,0
ali,AUTISM,Disgust,0.311653399839997,1
ali,AUTISM,Surprise,1.83723720023408,1
ali,AUTISM,Fear,4.73817719984799,0
ali,AUTISM,Surprise,1.73005180014297,0
ali,AUTISM,Anger,2.35020679980516,1
ali,AUTISM,Happiness,0.317330699879676,1
ali,AUTISM,Surprise,0.27079730015248,0
ali,AUTISM,Fear,0.635782199911773,0
ali,AUTISM,Sadness,2.12923919968307,0
ali,AUTISM,Fear,0.424507200252264,0
ali,AUTISM,Disgust,6.83504169993102,0
ali,AUTISM,Fear,0.240127200260758,0
ali,AUTISM,Happiness,0.223452999722212,1
ali,AUTISM,Sadness,4.02588710002601,1
ali,AUTISM,Anger,0.406889699865132,1
ali,AUTISM,Sadness,0.220965399872511,1
ali,AUTISM,Anger,0.511147600132972,1
ali,AUTISM,Anger,0.310114999767392,1
ali,AUTISM,Anger,0.342402499634772,1
ali,AUTISM,Surprise,0.475122900214046,0
navyaansh,ADHD,Sadness,0.431078500114381,1
navyaansh,ADHD,Anger,0.22890940029174,1
navyaansh,ADHD,Disgust,5.14740739995613,1
navyaansh,ADHD,Disgust,8.58125760033726,0
navyaansh,ADHD,Surprise,1.4291825001128,1
navyaansh,ADHD,Anger,2.48838869994506,0
navyaansh,ADHD,Sadness,0.43140080012381,1
navyaansh,ADHD,Surprise,1.18786850012838,1
navyaansh,ADHD,Disgust,2.6179317003116,1
navyaansh,ADHD,Happiness,0.321098499931395,1
navyaansh,ADHD,Happiness,2.00743269966915,0
navyaansh,ADHD,Fear,0.570037600118666,1
navyaansh,ADHD,Fear,6.34686830034479,0
navyaansh,ADHD,Happiness,1.2568745999597,0
navyaansh,ADHD,Sadness,0.33474940015003,1
navyaansh,ADHD,Sadness,0.489071600139141,0
navyaansh,ADHD,Fear,4.21888920012861,0
navyaansh,ADHD,Anger,2.28006710018962,0
navyaansh,ADHD,Disgust,1.30899199983105,1
navyaansh,ADHD,Anger,0.43995160004124,1
navyaansh,ADHD,Surprise,3.65612229984253,1
navyaansh,ADHD,Disgust,1.41477390006184,1
navyaansh,ADHD,Sadness,0.582272499799728,0
navyaansh,ADHD,Sadness,0.257291899994015,1
navyaansh,ADHD,Surprise,0.720728300046175,1
navyaansh,ADHD,Happiness,0.366798100061714,0
navyaansh,ADHD,Fear,0.890833100304007,1
navyaansh,ADHD,Anger,0.256970799993723,1
navyaansh,ADHD,Fear,0.305353399831801,1
navyaansh,ADHD,Sadness,0.290154099930077,1
navyaansh,ADHD,Anger,0.397733199875801,1
navyaansh,ADHD,Happiness,0.237891300115734,0
navyaansh,ADHD,Anger,0.303741800133138,1
navyaansh,ADHD,Surprise,0.777739299926906,1
navyaansh,ADHD,Happiness,0.427486900240182,1
navyaansh,ADHD,Happiness,0.223017500247806,1
navyaansh,ADHD,Surprise,1.32195900008082,1
navyaansh,ADHD,Happiness,0.627160199917852,1
navyaansh,ADHD,Fear,3.21907280012965,1
navyaansh,ADHD,Disgust,0.322311499621719,0
navyaansh,ADHD,Surprise,0.835495700128376,1
navyaansh,ADHD,Fear,7.26716150017455,1
navyaansh,ADHD,Disgust,0.9915366997011,1
navyaansh,ADHD,Fear,4.13220530003309,0
aayansh,ADHD,Fear,9.63872490031644,0
aayansh,ADHD,Disgust,0.948819099925458,0
aayansh,ADHD,Happiness,1.27489230036735,1
aayansh,ADHD,Disgust,9.01684520021081,0
aayansh,ADHD,Disgust,0.732073199935257,0
aayansh,ADHD,Surprise,1.58661319967359,0
aayansh,ADHD,Sadness,0.427568700164556,1
aayansh,ADHD,Happiness,0.689258500002324,1
aayansh,ADHD,Sadness,1.07679709978401,1
aayansh,ADHD,Surprise,6.00974640017375,0
aayansh,ADHD,Anger,0.707494300324469,0
aayansh,ADHD,Anger,1.28501590015366,1
aayansh,ADHD,Sadness,2.16351690003648,1
aayansh,ADHD,Surprise,3.60433589993044,1
aayansh,ADHD,Surprise,0.680360599886626,1
aayansh,ADHD,Sadness,2.0143571998924,1
aayansh,ADHD,Disgust,0.739569900091737,1
aayansh,ADHD,Disgust,4.08518230030313,0
aayansh,ADHD,Sadness,6.85118540003895,1
aayansh,ADHD,Sadness,0.292651999741792,1
aayansh,ADHD,Sadness,0.487259100191295,1
aayansh,ADHD,Fear,1.70655079977586,1
aayansh,ADHD,Happiness,0.810536900069564,1
aayansh,ADHD,Fear,3.53492640005424,0
aayansh,ADHD,Surprise,2.82840259978547,0
aayansh,ADHD,Happiness,0.363582899793982,1
aayansh,ADHD,Surprise,2.69860460003837,1
aayansh,ADHD,Sadness,0.275625400245189,1
aayansh,ADHD,Surprise,2.12199359992519,0
aayansh,ADHD,Anger,0.70188819989562,1
aayansh,ADHD,Anger,0.390297499950975,0
aayansh,ADHD,Fear,1.43367659999057,0
aayansh,ADHD,Anger,0.272269499953836,0
aayansh,ADHD,Happiness,1.0087807001546,1
aayansh,ADHD,Anger,1.37865079985931,1
aayansh,ADHD,Happiness,0.922208200208842,1
aayansh,ADHD,Happiness,0.505141200032085,1
aayansh,ADHD,Happiness,1.02807520003989,1
aayansh,ADHD,Fear,0.716405699960887,0
aayansh,ADHD,Anger,2.02750750025734,1
aayansh,ADHD,Surprise,2.98960779979825,0
aayansh,ADHD,Disgust,5.36051739985123,0
aayansh,ADHD,Fear,6.28144969977438,0
aayansh,ADHD,Fear,1.59280470013618,1
aayansh,ADHD,Disgust,0.677999600302428,0
aayansh,ADHD,Disgust,0.562271700240671,0
parth continua,NORMAL,Fear,1.11161979986354,0
parth continua,NORMAL,Anger,0.944845400284975,1
parth continua,NORMAL,Surprise,0.884581500198692,1
parth continua,NORMAL,Sadness,1.98260230012238,1
parth continua,NORMAL,Anger,6.59230889985337,1
parth continua,NORMAL,Anger,1.68678750004619,1
parth continua,NORMAL,Happiness,0.255959499627351,1
parth continua,NORMAL,Disgust,2.1084623998031,1
parth continua,NORMAL,Surprise,0.258998100180178,1
parth continua,NORMAL,Fear,0.719768200069665,0
parth continua,NORMAL,Sadness,0.387423200067132,1
parth continua,NORMAL,Happiness,0.248525399714708,1
parth continua,NORMAL,Sadness,1.75320310005918,1
parth continua,NORMAL,Happiness,0.226856700144708,1
parth continua,NORMAL,Happiness,0.544115799944847,1
parth continua,NORMAL,Fear,2.0778734004125,1
parth continua,NORMAL,Happiness,0.754563699942082,1
parth continua,NORMAL,Surprise,1.74606020003557,1
parth continua,NORMAL,Surprise,0.513931500259786,1
parth continua,NORMAL,Disgust,2.65717059979215,0
parth continua,NORMAL,Disgust,2.30017390009015,1
parth continua,NORMAL,Anger,0.502043300308287,1
parth continua,NORMAL,Happiness,0.672182799782604,1
parth continua,NORMAL,Anger,5.07318470021709,1
parth continua,NORMAL,Anger,1.85822999989613,1
parth continua,NORMAL,Happiness,5.42846560012549,1
parth continua,NORMAL,Happiness,0.256137500051409,1
parth continua,NORMAL,Anger,5.57707410026341,1
parth continua,NORMAL,Disgust,2.20486770011484,0
parth continua,NORMAL,Disgust,1.89794689975678,1
parth continua,NORMAL,Sadness,0.454767699819058,1
parth continua,NORMAL,Surprise,0.47780660027638,1
parth continua,NORMAL,Anger,3.15658969990909,1
parth continua,NORMAL,Fear,0.251955099869519,0
parth continua,NORMAL,Sadness,1.24329470004886,0
parth continua,NORMAL,Surprise,1.71769710024818,1
parth continua,NORMAL,Sadness,2.76313899969682,1
parth continua,NORMAL,Fear,4.38779609976336,0
parth continua,NORMAL,Surprise,1.01997350016608,1
parth continua,NORMAL,Fear,0.75100849987939,0
parth continua,NORMAL,Fear,7.52220029989257,0
parth continua,NORMAL,Disgust,1.29999740002676,1
parth continua,NORMAL,Surprise,1.79559230012819,1
parth continua,NORMAL,Disgust,0.773017999716103,1
parth continua,NORMAL,Fear,3.03065670002251,0
zeidaan,ADHD,Surprise,5.71006909990683,1
zeidaan,ADHD,Sadness,1.54639990022405,1
zeidaan,ADHD,Fear,1.77446840004995,1
zeidaan,ADHD,Fear,4.16463400004431,1
zeidaan,ADHD,Disgust,1.61958799976855,0
zeidaan,ADHD,Disgust,4.20650709979236,1
zeidaan,ADHD,Surprise,2.80889300024136,1
zeidaan,ADHD,Anger,6.57259610015898,0
zeidaan,ADHD,Anger,1.22745480015873,0
zeidaan,ADHD,Surprise,2.35617810022085,1
zeidaan,ADHD,Anger,1.92219390021637,0
zeidaan,ADHD,Anger,1.85736070014536,0
zeidaan,ADHD,Surprise,0.381055600009858,1
zeidaan,ADHD,Anger,5.56912139989435,0
zeidaan,ADHD,Fear,7.44473009975627,0
zeidaan,ADHD,Surprise,1.32428320031613,1
zeidaan,ADHD,Disgust,1.96619830001145,1
zeidaan,ADHD,Happiness,0.490486399736255,1
zeidaan,ADHD,Anger,1.37824939982965,0
zeidaan,ADHD,Fear,3.35405270010232,0
zeidaan,ADHD,Fear,2.79298199992626,0
zeidaan,ADHD,Disgust,0.543478100094944,1
zeidaan,ADHD,Happiness,1.16983010014519,1
zeidaan,ADHD,Sadness,1.51112179970368,1
zeidaan,ADHD,Surprise,2.84942280035465,0
zeidaan,ADHD,Sadness,2.49265279993414,0
zeidaan,ADHD,Sadness,0.625130899716168,1
zeidaan,ADHD,Happiness,4.8193480996415,0
zeidaan,ADHD,Surprise,0.622944400180131,1
zeidaan,ADHD,Fear,0.574780500028282,0
zeidaan,ADHD,Disgust,0.665447100065648,0
zeidaan,ADHD,Sadness,0.482237699907273,1
zeidaan,ADHD,Anger,1.11382419988513,0
zeidaan,ADHD,Sadness,1.24905229965224,1
zeidaan,ADHD,Disgust,9.22053370019421,0
zeidaan,ADHD,Sadness,1.57007530005648,0
zeidaan,ADHD,Happiness,2.56345809996128,1
zeidaan,ADHD,Happiness,5.48589569982141,0
zeidaan,ADHD,Happiness,3.02263069991022,1
zeidaan,ADHD,Fear,1.10741840023547,0
zeidaan,ADHD,Disgust,3.38189100008457,1
zeidaan,ADHD,Fear,0.327531700022518,0
zeidaan,ADHD,Happiness,2.66293230000883,1
zeidaan,ADHD,Sadness,0.37622859980911,1
Navendu Jain,ADHD,Surprise,0.867779999971389,0
Navendu Jain,ADHD,Surprise,1.0977129000239,0
Navendu Jain,ADHD,Anger,1.21612920006737,1
Navendu Jain,ADHD,Disgust,0.442652999889105,0
Navendu Jain,ADHD,Surprise,1.04026990011334,1
Navendu Jain,ADHD,Fear,0.531611700076609,0
Navendu Jain,ADHD,Sadness,0.540555099956691,0
Navendu Jain,ADHD,Sadness,2.81298300018534,0
Navendu Jain,ADHD,Disgust,0.60199850006029,1
Navendu Jain,ADHD,Anger,0.458014900330454,0
Navendu Jain,ADHD,Disgust,1.98972680000588,1
Navendu Jain,ADHD,Happiness,0.811871999874711,1
Navendu Jain,ADHD,Disgust,0.60957959992811,1
Navendu Jain,ADHD,Fear,0.87435010029003,1
Navendu Jain,ADHD,Fear,1.1045703003183,0
Navendu Jain,ADHD,Disgust,0.379983199760317,1
Navendu Jain,ADHD,Fear,0.413083699997514,1
Navendu Jain,ADHD,Sadness,2.34053310006856,0
Navendu Jain,ADHD,Surprise,0.638551299925893,0
Navendu Jain,ADHD,Surprise,0.702666400000453,1
Navendu Jain,ADHD,Disgust,1.19711509998887,1
Navendu Jain,ADHD,Surprise,0.453172499779611,0
Navendu Jain,ADHD,Happiness,1.73879640037193,1
Navendu Jain,ADHD,Anger,1.20113250007852,0
Navendu Jain,ADHD,Happiness,0.528748699929565,1
Navendu Jain,ADHD,Sadness,1.21388449985533,1
Navendu Jain,ADHD,Sadness,0.934775399975478,1
Navendu Jain,ADHD,Anger,1.07536190003156,0
Navendu Jain,ADHD,Disgust,0.943161499686539,1
Navendu Jain,ADHD,Happiness,0.600663600023835,1
Navendu Jain,ADHD,Fear,0.448682200163602,0
Navendu Jain,ADHD,Anger,0.62669980013743,0
Navendu Jain,ADHD,Fear,0.521633899770677,0
Navendu Jain,ADHD,Happiness,0.336315699853003,1
Navendu Jain,ADHD,Surprise,0.835619099903851,1
Navendu Jain,ADHD,Sadness,0.416775099933147,0
Navendu Jain,ADHD,Happiness,0.296748000197112,1
Navendu Jain,ADHD,Surprise,0.504737299866974,1
Navendu Jain,ADHD,Anger,0.778577799908816,0
Navendu Jain,ADHD,Disgust,0.720432300120592,0
Navendu Jain,ADHD,Fear,0.791553900111466,1
Navendu Jain,ADHD,Anger,2.4306759997271,0
Navendu Jain,ADHD,Fear,0.347326499875634,0
Navendu Jain,ADHD,Happiness,0.376425500027835,1
Navendu Jain,ADHD,Anger,0.663123200181871,0
Navendu Jain,ADHD,Sadness,0.80853319959715,1
Navendu Jain,ADHD,Sadness,0.418854699935764,1
Navendu Jain,ADHD,Happiness,0.33195440005511,1
Arasto,ADHD,Anger,2.76961220009252,1
Arasto,ADHD,Happiness,3.36205800017341,0
Arasto,ADHD,Surprise,7.7281734002754,0
Arasto,ADHD,Anger,4.83914769999682,0
Arasto,ADHD,Disgust,9.35530150029808,0
Arasto,ADHD,Anger,1.12298229988664,0
Arasto,ADHD,Disgust,2.68944049999117,0
Arasto,ADHD,Happiness,1.50612229993566,1
Arasto,ADHD,Anger,1.16179969999939,0
Arasto,ADHD,Fear,0.323251800145953,1
Arasto,ADHD,Surprise,6.16701930016279,1
Arasto,ADHD,Happiness,3.94724850030615,0
Arasto,ADHD,Happiness,3.21399429999291,1
Arasto,ADHD,Sadness,0.303441099822521,1
Arasto,ADHD,Anger,2.12768529960885,0
Arasto,ADHD,Happiness,0.272902099881321,1
Arasto,ADHD,Fear,0.699765800032764,0
Arasto,ADHD,Fear,2.5399308996275,0
Arasto,ADHD,Fear,1.51275759981945,0
Arasto,ADHD,Disgust,3.41480949986726,0
Arasto,ADHD,Sadness,3.06476660026237,0
Arasto,ADHD,Happiness,0.483262399677187,1
Arasto,ADHD,Surprise,3.79334810003638,0
Arasto,ADHD,Disgust,3.75063939997926,0
Arasto,ADHD,Anger,6.62081190012395,0
Arasto,ADHD,Surprise,2.05458130035549,1
Arasto,ADHD,Fear,2.59109909972175,1
Arasto,ADHD,Sadness,0.221373500302433,1
Arasto,ADHD,Surprise,1.96550709987059,0
Arasto,ADHD,Surprise,1.11367509979754,0
Arasto,ADHD,Anger,1.15743889985606,1
Arasto,ADHD,Disgust,0.414338300004601,1
Arasto,ADHD,Sadness,3.60753160016611,0
Arasto,ADHD,Sadness,1.00698149995878,1
Arasto,ADHD,Sadness,0.829497300088405,0
Arasto,ADHD,Happiness,0.729551900178194,1
Arasto,ADHD,Fear,3.63797469995915,0
Arasto,ADHD,Anger,4.65341140003874,0
Arasto,ADHD,Surprise,2.95958400005474,0
Arasto,ADHD,Sadness,0.255313899833709,0
Arasto,ADHD,Happiness,2.23004020005464,0
Arasto,ADHD,Sadness,0.743414099793881,1
Arasto,ADHD,Disgust,3.58987100003287,0
Arasto,ADHD,Fear,2.83359930012375,0
ishika,NORMAL,Disgust,2.06140969973057,1
ishika,NORMAL,Sadness,1.23444049991667,1
ishika,NORMAL,Happiness,0.644516000058502,1
ishika,NORMAL,Surprise,8.27742279972881,0
ishika,NORMAL,Anger,3.05167730012908,0
ishika,NORMAL,Anger,1.20146779995411,0
ishika,NORMAL,Sadness,0.949211100116372,0
ishika,NORMAL,Anger,2.45235119992867,1
ishika,NORMAL,Sadness,1.60517609957605,1
ishika,NORMAL,Fear,2.65291370032355,0
ishika,NORMAL,Surprise,1.33402239996939,1
ishika,NORMAL,Anger,1.56408279994502,0
ishika,NORMAL,Fear,1.25208099978044,1
ishika,NORMAL,Happiness,0.358848299831151,1
ishika,NORMAL,Fear,3.52031480008736,1
ishika,NORMAL,Disgust,1.47055999981239,1
ishika,NORMAL,Sadness,0.337628600187599,1
ishika,NORMAL,Disgust,1.24252749979496,0
ishika,NORMAL,Surprise,2.92454650020226,0
ishika,NORMAL,Surprise,1.56739100022241,0
ishika,NORMAL,Fear,4.22473939973861,0
ishika,NORMAL,Sadness,1.50323090003803,0
ishika,NORMAL,Happiness,0.807716299779713,1
ishika,NORMAL,Fear,2.91967099998146,0
ishika,NORMAL,Happiness,0.372680000029504,1
ishika,NORMAL,Happiness,1.18136260006576,0
ishika,NORMAL,Anger,1.46916699968278,1
ishika,NORMAL,Anger,3.48583419993519,0
ishika,NORMAL,Sadness,1.28085059998556,1
ishika,NORMAL,Anger,1.24581480026245,1
ishika,NORMAL,Anger,1.84204099979251,0
ishika,NORMAL,Sadness,0.949738000053912,0
ishika,NORMAL,Fear,2.63593119988217,0
ishika,NORMAL,Surprise,1.97819900000467,1
ishika,NORMAL,Disgust,1.98306240001693,1
ishika,NORMAL,Surprise,2.67773559968918,1
ishika,NORMAL,Disgust,0.338273100089281,1
ishika,NORMAL,Sadness,1.2991317003034,1
ishika,NORMAL,Happiness,0.242819199804216,1
ishika,NORMAL,Fear,2.40133310016244,1
ishika,NORMAL,Disgust,0.417430100031197,1
ishika,NORMAL,Fear,1.44892060011625,0
ishika,NORMAL,Surprise,1.19424979994073,0
ishika,NORMAL,Happiness,0.359361399896442,1
ishika,NORMAL,Surprise,1.83645310020074,1
ishika,NORMAL,Disgust,0.999590700026601,1
ishika,NORMAL,Disgust,1.3580152997747,0
ilakshi,NORMAL,Anger,1.49910259991884,0
ilakshi,NORMAL,Sadness,1.67783910036087,0
ilakshi,NORMAL,Happiness,1.36146169994026,1
ilakshi,NORMAL,Anger,6.57386390026658,0
ilakshi,NORMAL,Anger,2.06302550015971,1
ilakshi,NORMAL,Happiness,1.08965060021728,1
ilakshi,NORMAL,Sadness,1.29885189980268,1
ilakshi,NORMAL,Happiness,1.11886619962751,1
ilakshi,NORMAL,Anger,1.59167849970981,0
ilakshi,NORMAL,Disgust,1.74534410005435,0
ilakshi,NORMAL,Fear,2.81472569983452,0
ilakshi,NORMAL,Surprise,0.700180099811404,1
ilakshi,NORMAL,Anger,1.93102229991927,1
ilakshi,NORMAL,Disgust,1.36837540008127,1
ilakshi,NORMAL,Fear,1.74328979989513,0
ilakshi,NORMAL,Anger,3.18582660006359,0
ilakshi,NORMAL,Happiness,0.26493850024417,1
ilakshi,NORMAL,Surprise,6.09329500002786,1
ilakshi,NORMAL,Disgust,5.69776540016755,0
ilakshi,NORMAL,Fear,0.520447200164198,0
ilakshi,NORMAL,Sadness,2.70922269998118,0
ilakshi,NORMAL,Sadness,1.11872400017455,1
ilakshi,NORMAL,Surprise,2.00125270010903,1
ilakshi,NORMAL,Happiness,0.837688000407069,1
ilakshi,NORMAL,Fear,5.86740650003775,0
ilakshi,NORMAL,Fear,1.44768799981102,1
ilakshi,NORMAL,Sadness,2.1354312999174,1
ilakshi,NORMAL,Anger,1.99916860042139,1
ilakshi,NORMAL,Fear,3.88078260002657,1
ilakshi,NORMAL,Disgust,8.5751073998399,1
ilakshi,NORMAL,Disgust,1.34040950005874,1
ilakshi,NORMAL,Sadness,0.504110799636691,1
ilakshi,NORMAL,Disgust,1.53900370001792,1
ilakshi,NORMAL,Disgust,2.59967610007151,1
ilakshi,NORMAL,Sadness,4.2435598000884,0
ilakshi,NORMAL,Anger,3.69166960008442,0
ilakshi,NORMAL,Sadness,2.03301250003278,0
ilakshi,NORMAL,Surprise,1.79113150015473,1
ilakshi,NORMAL,Surprise,3.28096219990402,1
ilakshi,NORMAL,Disgust,1.43496769992634,1
ilakshi,NORMAL,Happiness,0.278130900114774,1
ilakshi,NORMAL,Happiness,2.40286889998242,0
ilakshi,NORMAL,Fear,1.06904429988935,1
ilakshi,NORMAL,Happiness,2.03311649989336,1
ilakshi,NORMAL,Fear,1.94927190011367,0
ilakshi,NORMAL,Surprise,3.58373879967257,1
ilakshi,NORMAL,Surprise,2.00062459986656,1
ilakshi,NORMAL,Surprise,1.42302970029413,1
gurmehar,NORMAL,Disgust,1.87364119989797,1
gurmehar,NORMAL,Surprise,1.30031530000269,1
gurmehar,NORMAL,Happiness,0.446748299989849,1
gurmehar,NORMAL,Sadness,1.29146869992837,1
gurmehar,NORMAL,Fear,1.0670782001689,1
gurmehar,NORMAL,Sadness,0.819427700247615,0
gurmehar,NORMAL,Disgust,0.312677700072526,1
gurmehar,NORMAL,Surprise,0.292345500085502,1
gurmehar,NORMAL,Anger,1.24472660012543,1
gurmehar,NORMAL,Anger,0.970960199832916,0
gurmehar,NORMAL,Anger,0.436842199880629,1
gurmehar,NORMAL,Happiness,0.228745799977332,1
gurmehar,NORMAL,Fear,0.476036299951374,0
gurmehar,NORMAL,Surprise,1.3831253000535,1
gurmehar,NORMAL,Fear,0.338015799876302,1
gurmehar,NORMAL,Anger,0.948757200036197,1
gurmehar,NORMAL,Fear,1.50658409995958,0
gurmehar,NORMAL,Anger,2.7109997998923,0
gurmehar,NORMAL,Disgust,1.49592649983242,1
gurmehar,NORMAL,Fear,2.63624720042571,0
gurmehar,NORMAL,Sadness,4.17899229982867,1
gurmehar,NORMAL,Sadness,1.26137549988925,1
gurmehar,NORMAL,Anger,0.232087700162082,1
gurmehar,NORMAL,Happiness,0.420145699754357,1
gurmehar,NORMAL,Happiness,1.00572689995169,1
gurmehar,NORMAL,Fear,0.967953199986368,0
gurmehar,NORMAL,Disgust,2.08083180012181,1
gurmehar,NORMAL,Anger,2.00892279995605,1
gurmehar,NORMAL,Disgust,2.10135659994557,0
gurmehar,NORMAL,Sadness,6.6457936996594,0
gurmehar,NORMAL,Happiness,1.2644646000117,1
gurmehar,NORMAL,Disgust,0.776926199905574,1
gurmehar,NORMAL,Happiness,0.435187200084328,1
gurmehar,NORMAL,Surprise,0.371644000057131,1
gurmehar,NORMAL,Sadness,0.611177599988877,0
gurmehar,NORMAL,Sadness,0.391410199925303,1
gurmehar,NORMAL,Disgust,0.357092199847102,1
gurmehar,NORMAL,Surprise,0.367673399858176,1
gurmehar,NORMAL,Fear,4.21805460005998,0
gurmehar,NORMAL,Disgust,1.53712829994037,1
gurmehar,NORMAL,Fear,1.0810774997808,1
gurmehar,NORMAL,Happiness,0.541145199909806,1
gurmehar,NORMAL,Anger,1.64283839985728,0
gurmehar,NORMAL,Surprise,1.28314889967441,1
gurmehar,NORMAL,Surprise,3.51752719981595,1
gurmehar,NORMAL,Surprise,1.61897860001772,0
gurmehar,NORMAL,Happiness,0.341047499794513,1
karan,NORMAL,Happiness,1.7008946002461,1
karan,NORMAL,Sadness,1.47580609982833,1
karan,NORMAL,Anger,1.73116149986162,0
karan,NORMAL,Fear,4.08848810009658,1
karan,NORMAL,Anger,3.34862300008535,0
karan,NORMAL,Disgust,1.52515899995341,1
karan,NORMAL,Surprise,3.04170409962534,1
karan,NORMAL,Anger,2.1377874999307,1
karan,NORMAL,Sadness,3.46925960015505,0
karan,NORMAL,Fear,2.55014149984344,0
karan,NORMAL,Surprise,1.53886179998517,1
karan,NORMAL,Fear,3.13463429966941,0
karan,NORMAL,Surprise,4.57260540034621,0
karan,NORMAL,Happiness,1.67062589991837,1
karan,NORMAL,Disgust,0.998290699906647,1
karan,NORMAL,Anger,0.427332700230181,0
karan,NORMAL,Happiness,0.779589899815619,1
karan,NORMAL,Anger,0.446222899947315,0
karan,NORMAL,Surprise,0.378473300021141,1
karan,NORMAL,Disgust,2.23973030038177,0
karan,NORMAL,Happiness,0.481448300182819,1
karan,NORMAL,Disgust,1.12340869987383,1
karan,NORMAL,Sadness,1.23084350023418,1
karan,NORMAL,Happiness,0.468781200237572,1
karan,NORMAL,Disgust,1.50314919976517,1
karan,NORMAL,Fear,0.453206199686974,1
karan,NORMAL,Surprise,2.5271707996726,1
karan,NORMAL,Disgust,0.518237899988889,1
karan,NORMAL,Fear,6.77183859981596,0
karan,NORMAL,Surprise,1.80635339999571,1
karan,NORMAL,Sadness,5.60378320002928,1
karan,NORMAL,Disgust,1.93777110008522,0
karan,NORMAL,Sadness,1.45538640022277,0
karan,NORMAL,Happiness,0.407762800343334,1
karan,NORMAL,Sadness,1.56351350015029,0
karan,NORMAL,Surprise,0.812394800130277,1
karan,NORMAL,Fear,4.27054370008409,1
karan,NORMAL,Happiness,0.90030420012772,1
karan,NORMAL,Anger,1.70509529998525,1
karan,NORMAL,Disgust,5.57428329996764,1
karan,NORMAL,Anger,2.2136444998905,0
karan,NORMAL,Fear,0.948288699612021,0
karan,NORMAL,Sadness,0.53865659981966,1
karan,NORMAL,Surprise,0.405134300235658,1
karan,NORMAL,Happiness,0.79031219985336,1
karan,NORMAL,Fear,1.52461299998685,1
yukti,NORMAL,Fear,2.42685020016506,1
yukti,NORMAL,Anger,1.15500070014968,0
yukti,NORMAL,Surprise,3.56688300007954,1
yukti,NORMAL,Anger,2.65895459987223,1
yukti,NORMAL,Fear,2.11111389985308,1
yukti,NORMAL,Disgust,1.50980549957603,1
yukti,NORMAL,Happiness,0.470658299978822,1
yukti,NORMAL,Sadness,0.712455499917268,0
yukti,NORMAL,Fear,0.529382300097495,1
yukti,NORMAL,Fear,5.35068240016698,0
yukti,NORMAL,Disgust,6.17068079998716,0
yukti,NORMAL,Anger,0.982664100360125,1
yukti,NORMAL,Disgust,0.545569400303065,1
yukti,NORMAL,Happiness,0.816581200342625,1
yukti,NORMAL,Anger,1.80514150019735,1
yukti,NORMAL,Anger,6.46532889967784,0
yukti,NORMAL,Happiness,0.507398199755698,1
yukti,NORMAL,Anger,2.30052830046042,1
yukti,NORMAL,Sadness,0.812537000048905,1
yukti,NORMAL,Fear,0.633452599868178,0
yukti,NORMAL,Surprise,0.547920799814164,1
yukti,NORMAL,Happiness,0.605055599939078,1
yukti,NORMAL,Sadness,0.586632799822837,1
yukti,NORMAL,Sadness,0.559268200304359,1
yukti,NORMAL,Surprise,0.638735999818891,1
yukti,NORMAL,Surprise,0.573114700149744,1
yukti,NORMAL,Fear,0.909298799932003,1
yukti,NORMAL,Sadness,5.46995670022442,1
yukti,NORMAL,Fear,1.00458380021154,1
yukti,NORMAL,Anger,0.591431799810379,1
yukti,NORMAL,Surprise,2.43003010004758,0
yukti,NORMAL,Happiness,0.412650600075721,1
yukti,NORMAL,Sadness,0.923874100204557,0
yukti,NORMAL,Happiness,0.381544699892401,1
yukti,NORMAL,Sadness,0.521394500043243,0
yukti,NORMAL,Surprise,1.59858160000294,1
yukti,NORMAL,Disgust,0.894371799658984,1
yukti,NORMAL,Happiness,0.506751400418579,1
yukti,NORMAL,Anger,8.66906470013782,1
yukti,NORMAL,Fear,1.144981500227,1
yukti,NORMAL,Disgust,1.02954160002991,1
yukti,NORMAL,Disgust,2.84877880010753,1
yukti,NORMAL,Surprise,0.475243200082331,1
yukti,NORMAL,Surprise,3.349123199936,0
yukti,NORMAL,Disgust,1.78217189991846,1
yukti,NORMAL,Happiness,0.846016500145196,1
yukti,NORMAL,Disgust,1.5691819996573,1
yukti,NORMAL,Sadness,1.03574459999799,1
lavesh acdamey,NORMAL,Sadness,4.23596949968487,0
lavesh acdamey,NORMAL,Disgust,3.01204130006954,1
lavesh acdamey,NORMAL,Fear,4.01550389965996,1
lavesh acdamey,NORMAL,Anger,1.82712240004912,1
lavesh acdamey,NORMAL,Happiness,1.74884800007566,1
lavesh acdamey,NORMAL,Happiness,0.372106600087136,0
lavesh acdamey,NORMAL,Anger,1.11286129988729,0
lavesh acdamey,NORMAL,Disgust,0.730260800104588,1
lavesh acdamey,NORMAL,Disgust,2.52985050017014,1
lavesh acdamey,NORMAL,Happiness,0.308645599987357,1
lavesh acdamey,NORMAL,Happiness,1.63312490005046,1
lavesh acdamey,NORMAL,Fear,1.43007220001891,1
lavesh acdamey,NORMAL,Sadness,1.41886439966037,1
lavesh acdamey,NORMAL,Anger,4.07256380002945,1
lavesh acdamey,NORMAL,Disgust,1.95345259970054,0
lavesh acdamey,NORMAL,Surprise,1.04971429985016,1
lavesh acdamey,NORMAL,Disgust,2.56390090007334,0
lavesh acdamey,NORMAL,Disgust,4.01413060026243,0
lavesh acdamey,NORMAL,Surprise,0.577681399881839,1
lavesh acdamey,NORMAL,Fear,0.548057500272989,1
lavesh acdamey,NORMAL,Anger,2.18484499957412,1
lavesh acdamey,NORMAL,Surprise,1.53134080022573,0
lavesh acdamey,NORMAL,Anger,1.61413210025057,1
lavesh acdamey,NORMAL,Disgust,3.79731349973008,0
lavesh acdamey,NORMAL,Happiness,0.642530899960547,1
lavesh acdamey,NORMAL,Sadness,2.75390130002051,1
lavesh acdamey,NORMAL,Fear,4.42191850021481,0
lavesh acdamey,NORMAL,Fear,1.07269300008192,1
lavesh acdamey,NORMAL,Surprise,2.16862969985231,1
lavesh acdamey,NORMAL,Anger,2.29394500004127,0
lavesh acdamey,NORMAL,Sadness,4.15752760041505,0
lavesh acdamey,NORMAL,Sadness,2.768865799997,0
lavesh acdamey,NORMAL,Fear,1.29761669971048,1
lavesh acdamey,NORMAL,Surprise,0.426222099922597,1
lavesh acdamey,NORMAL,Happiness,0.366684599779546,1
lavesh acdamey,NORMAL,Sadness,2.18842109991237,1
lavesh acdamey,NORMAL,Anger,0.513851099647581,0
lavesh acdamey,NORMAL,Happiness,0.375484599731862,1
lavesh acdamey,NORMAL,Disgust,0.269516600295901,1
lavesh acdamey,NORMAL,Fear,4.98904390027746,0
lavesh acdamey,NORMAL,Anger,1.40248889988288,0
lavesh acdamey,NORMAL,Surprise,0.338900899980217,1
lavesh acdamey,NORMAL,Sadness,2.41322829993441,1
lavesh acdamey,NORMAL,Fear,1.81001960020512,1
lavesh acdamey,NORMAL,Surprise,0.672542399726808,1
lavesh acdamey,NORMAL,Sadness,1.41227350011467,1
lavesh acdamey,NORMAL,Surprise,2.45935689983889,0
lavesh acdamey,NORMAL,Happiness,1.46978729963302,1
tanmay,NORMAL,Disgust,2.12337430007755,1
tanmay,NORMAL,Surprise,2.65684180008247,1
tanmay,NORMAL,Happiness,0.396722499746829,1
tanmay,NORMAL,Sadness,1.05407179985195,1
tanmay,NORMAL,Disgust,1.65075070038437,0
tanmay,NORMAL,Sadness,6.9134070998989,0
tanmay,NORMAL,Surprise,0.625391699839383,1
tanmay,NORMAL,Sadness,1.27095540007576,0
tanmay,NORMAL,Sadness,0.423438999801874,1
tanmay,NORMAL,Disgust,2.77536530001088,1
tanmay,NORMAL,Happiness,0.374926100019365,1
tanmay,NORMAL,Disgust,0.280606700107455,1
tanmay,NORMAL,Sadness,1.05450470000505,1
tanmay,NORMAL,Anger,2.05890589999035,0
tanmay,NORMAL,Sadness,4.19889270002022,1
tanmay,NORMAL,Fear,1.24268769985064,0
tanmay,NORMAL,Disgust,2.53661399986594,0
tanmay,NORMAL,Sadness,1.32236859994009,1
tanmay,NORMAL,Fear,9.63503520004451,0
tanmay,NORMAL,Sadness,0.343062100000679,1
tanmay,NORMAL,Surprise,0.28388400003314,0
tanmay,NORMAL,Happiness,0.788842000067234,1
tanmay,NORMAL,Happiness,1.00111929979175,1
tanmay,NORMAL,Anger,0.905899600125849,0
tanmay,NORMAL,Surprise,0.248445000033825,0
tanmay,NORMAL,Anger,1.80179679999127,0
tanmay,NORMAL,Fear,0.856080199591815,1
tanmay,NORMAL,Happiness,0.226154900155961,1
tanmay,NORMAL,Surprise,0.557971399743109,1
tanmay,NORMAL,Disgust,3.30355639988556,1
tanmay,NORMAL,Anger,0.780809400137513,1
tanmay,NORMAL,Surprise,1.44439599988982,0
tanmay,NORMAL,Fear,0.600865100044757,0
tanmay,NORMAL,Fear,0.642835899721831,0
tanmay,NORMAL,Anger,0.755598600022494,0
tanmay,NORMAL,Surprise,0.808555199764668,1
tanmay,NORMAL,Disgust,0.291349200066179,0
tanmay,NORMAL,Fear,1.51813560025766,0
tanmay,NORMAL,Anger,1.6672684000805,1
tanmay,NORMAL,Fear,3.82103699957951,1
tanmay,NORMAL,Happiness,0.35350629966706,1
tanmay,NORMAL,Disgust,2.15916939964517,1
tanmay,NORMAL,Fear,2.13304660003632,1
tanmay,NORMAL,Anger,1.57676690025255,1
tanmay,NORMAL,Surprise,2.44402369996532,1
tanmay,NORMAL,Anger,3.52601569984108,1
tanmay,NORMAL,Happiness,0.895319399889558,1
aditya mehra acad,ADHD,Disgust,8.97145780036226,1
aditya mehra acad,ADHD,Surprise,5.5474479002878,1
aditya mehra acad,ADHD,Fear,4.27389650000259,0
aditya mehra acad,ADHD,Sadness,5.12994020013138,0
aditya mehra acad,ADHD,Fear,2.19002079963684,1
aditya mehra acad,ADHD,Sadness,1.66949540004134,0
aditya mehra acad,ADHD,Disgust,3.64936579996719,0
aditya mehra acad,ADHD,Anger,9.38197210012003,0
aditya mehra acad,ADHD,Fear,6.49788969988003,0
aditya mehra acad,ADHD,Happiness,2.75181929999962,1
aditya mehra acad,ADHD,Sadness,8.44580410001799,0
aditya mehra acad,ADHD,Disgust,3.41838199971243,1
aditya mehra acad,ADHD,Sadness,4.11986210010945,0
aditya mehra acad,ADHD,Happiness,1.26075039990246,1
aditya mehra acad,ADHD,Fear,1.14823210006579,0
aditya mehra acad,ADHD,Happiness,0.512534299865365,1
aditya mehra acad,ADHD,Surprise,1.50008099991828,0
aditya mehra acad,ADHD,Fear,2.90625029988586,1
aditya mehra acad,ADHD,Fear,2.31253599980846,0
aditya mehra acad,ADHD,Sadness,3.50489199999719,1
aditya mehra acad,ADHD,Fear,2.00471259979531,1
aditya mehra acad,ADHD,Disgust,1.35939349979162,1
aditya mehra acad,ADHD,Sadness,1.32177869975566,0
aditya mehra acad,ADHD,Happiness,0.748392200097441,1
aditya mehra acad,ADHD,Anger,1.27802570024505,1
aditya mehra acad,ADHD,Anger,2.64394140010699,0
aditya mehra acad,ADHD,Sadness,9.17614680016413,0
aditya mehra acad,ADHD,Surprise,1.17493350012227,1
aditya mehra acad,ADHD,Surprise,1.08159769978374,0
aditya mehra acad,ADHD,Happiness,3.04847189970314,0
aditya mehra acad,ADHD,Happiness,4.37455999990925,0
aditya mehra acad,ADHD,Anger,6.92694960022345,1
aditya mehra acad,ADHD,Disgust,6.39513870002701,1
aditya mehra acad,ADHD,Surprise,1.36919800005853,0
aditya mehra acad,ADHD,Happiness,2.65079999994486,1
aditya mehra acad,ADHD,Happiness,0.63390040025115,1
aditya mehra acad,ADHD,Fear,7.40121639985591,0
aditya mehra acad,ADHD,Disgust,3.70893200021237,0
aditya mehra acad,ADHD,Anger,4.25039479974657,1
aditya mehra acad,ADHD,Anger,3.12181759998202,0
aditya mehra acad,ADHD,Anger,1.50313659990206,1
aditya mehra acad,ADHD,Surprise,4.02230739966034,0
aditya mehra acad,ADHD,Disgust,9.5279312999919,1
aditya mehra acad,ADHD,Sadness,3.6709533999674,1
aditya mehra acad,ADHD,Surprise,1.2776970998384,0
riddhima,ADHD,Disgust,2.59734479989856,1
riddhima,ADHD,Fear,1.06680960021913,0
riddhima,ADHD,Disgust,0.541536199860274,1
riddhima,ADHD,Fear,1.1537060001865,0
riddhima,ADHD,Happiness,0.542653399985283,1
riddhima,ADHD,Disgust,4.65337999956682,1
riddhima,ADHD,Fear,1.11791890021413,0
riddhima,ADHD,Surprise,1.34442629991099,0
riddhima,ADHD,Surprise,0.789779899641871,1
riddhima,ADHD,Fear,0.99881360027939,0
riddhima,ADHD,Happiness,0.456214900128543,1
riddhima,ADHD,Surprise,7.41949209989979,0
riddhima,ADHD,Anger,0.586681600194424,0
riddhima,ADHD,Surprise,1.16677889972925,1
riddhima,ADHD,Happiness,0.419271699618548,1
riddhima,ADHD,Happiness,1.46076400019228,1
riddhima,ADHD,Surprise,0.463950700126588,1
riddhima,ADHD,Anger,4.74205309990793,0
riddhima,ADHD,Sadness,1.21807500021532,1
riddhima,ADHD,Disgust,0.918054599780589,1
riddhima,ADHD,Sadness,4.66074559977278,0
riddhima,ADHD,Anger,2.25184290017932,0
riddhima,ADHD,Surprise,4.98546499991789,1
riddhima,ADHD,Sadness,1.86528619984164,0
riddhima,ADHD,Fear,5.51631959993392,0
riddhima,ADHD,Disgust,0.856510600075125,1
riddhima,ADHD,Surprise,0.367794700432568,0
riddhima,ADHD,Disgust,3.35057680029422,0
riddhima,ADHD,Anger,2.57851959997788,0
riddhima,ADHD,Sadness,2.59713120013475,0
riddhima,ADHD,Disgust,0.545079799834638,1
riddhima,ADHD,Anger,2.46233589993789,0
riddhima,ADHD,Anger,0.473321299999952,1
riddhima,ADHD,Surprise,1.10629390040412,1
riddhima,ADHD,Sadness,1.98609170038253,0
riddhima,ADHD,Happiness,0.419439400080591,1
riddhima,ADHD,Happiness,0.370311199687421,1
riddhima,ADHD,Disgust,2.8128336998634,0
riddhima,ADHD,Fear,0.434423999860882,1
riddhima,ADHD,Anger,1.9948033997789,0
riddhima,ADHD,Sadness,0.458077899646014,1
riddhima,ADHD,Anger,1.22078400012105,1
riddhima,ADHD,Happiness,1.06108930008485,1
riddhima,ADHD,Fear,1.83538240008056,0
riddhima,ADHD,Sadness,0.787427499890327,1
riddhima,ADHD,Sadness,3.53503610007464,1
riddhima,ADHD,Happiness,0.528989200014621,1
riddhima,ADHD,Fear,0.467638499569147,0
ananya,NORMAL,Anger,4.81475309981033,0
ananya,NORMAL,Happiness,0.382846899796277,1
ananya,NORMAL,Surprise,1.57619909988716,1
ananya,NORMAL,Anger,0.612610700074583,0
ananya,NORMAL,Disgust,0.944603600073605,1
ananya,NORMAL,Anger,5.50077200029045,0
ananya,NORMAL,Happiness,0.359863399993628,1
ananya,NORMAL,Surprise,0.392709299921989,1
ananya,NORMAL,Surprise,0.330629300326108,1
ananya,NORMAL,Fear,2.58979049976915,1
ananya,NORMAL,Sadness,1.10029180021956,1
ananya,NORMAL,Happiness,0.259686399716883,1
ananya,NORMAL,Happiness,0.576668199617415,1
ananya,NORMAL,Happiness,0.627641800325363,1
ananya,NORMAL,Fear,3.29670060006901,0
ananya,NORMAL,Sadness,0.607308299746364,0
ananya,NORMAL,Disgust,0.243003300391137,1
ananya,NORMAL,Anger,0.321429200004786,1
ananya,NORMAL,Fear,0.27298460016027,0
ananya,NORMAL,Fear,3.80827580019831,0
ananya,NORMAL,Sadness,2.14694770006462,0
ananya,NORMAL,Surprise,2.08944809995591,1
ananya,NORMAL,Happiness,0.379050199873745,1
ananya,NORMAL,Surprise,0.23556699976325,1
ananya,NORMAL,Surprise,0.310129499994218,1
ananya,NORMAL,Sadness,0.296269400045275,1
ananya,NORMAL,Anger,1.26787710003554,1
ananya,NORMAL,Anger,4.01393610006198,0
ananya,NORMAL,Surprise,0.480086400173604,1
ananya,NORMAL,Fear,3.42499019997194,0
ananya,NORMAL,Happiness,0.528788900002837,1
ananya,NORMAL,Disgust,0.321306999772787,1
ananya,NORMAL,Disgust,1.37573019973933,1
ananya,NORMAL,Sadness,1.86631060019135,0
ananya,NORMAL,Sadness,0.832848300226032,1
ananya,NORMAL,Sadness,0.281474799849092,0
ananya,NORMAL,Disgust,1.06730040023103,1
ananya,NORMAL,Surprise,5.03564269980415,1
ananya,NORMAL,Disgust,0.304447900038212,1
ananya,NORMAL,Sadness,0.254986500367522,1
ananya,NORMAL,Fear,4.99065139982849,0
ananya,NORMAL,Anger,0.41810130001977,1
ananya,NORMAL,Anger,4.96412819996476,0
ananya,NORMAL,Fear,0.498655899893492,0
ananya,NORMAL,Disgust,1.55719939991831,1
ananya,NORMAL,Happiness,1.1952797002159,1
ananya,NORMAL,Disgust,3.74573819991201,1
ananya,ADHD,Fear,0.548196100164204,0
mishita,ADHD,Disgust,0.279659199994057,1
mishita,ADHD,Happiness,0.21171629987657,1
mishita,ADHD,Happiness,0.326040000189095,1
mishita,ADHD,Disgust,0.78667109971866,0
mishita,ADHD,Disgust,0.201176899950951,0
mishita,ADHD,Fear,0.712206600233912,0
mishita,ADHD,Anger,0.324622400104999,0
mishita,ADHD,Fear,8.90716279996559,1
mishita,ADHD,Surprise,0.341473899781703,1
mishita,ADHD,Sadness,0.400350600015372,1
mishita,ADHD,Surprise,0.427947899792343,0
mishita,ADHD,Happiness,0.203484900295734,1
mishita,ADHD,Happiness,0.204620999749749,1
mishita,ADHD,Anger,0.389573299791663,1
mishita,ADHD,Fear,5.66381860012188,0
mishita,ADHD,Sadness,3.9844441995956,0
mishita,ADHD,Anger,0.316837599966675,0
mishita,ADHD,Disgust,1.96016599982976,0
mishita,ADHD,Disgust,4.29905609972775,1
mishita,ADHD,Disgust,0.23372790031135,1
mishita,ADHD,Fear,1.48130950005725,0
mishita,ADHD,Surprise,7.36269819969311,0
mishita,ADHD,Anger,0.245497199706733,1
mishita,ADHD,Surprise,2.44024530006572,1
mishita,ADHD,Happiness,0.476986200083047,1
mishita,ADHD,Anger,0.399453799705952,0
mishita,ADHD,Sadness,0.272424600087106,1
mishita,ADHD,Fear,2.52771669998765,0
mishita,ADHD,Disgust,4.90055370004847,0
mishita,ADHD,Surprise,0.213250399567186,0
mishita,ADHD,Sadness,1.85843610018491,0
mishita,ADHD,Anger,7.87549440003931,0
mishita,ADHD,Fear,0.759654799941927,0
mishita,ADHD,Anger,0.355556199792772,1
mishita,ADHD,Fear,2.94638259988278,1
mishita,ADHD,Surprise,0.402451999951154,1
mishita,ADHD,Surprise,0.226734600029885,0
mishita,ADHD,Disgust,0.411978899966925,1
mishita,ADHD,Surprise,0.247546699829399,0
mishita,ADHD,Sadness,0.363184599671512,1
dhriti,ADHD,Sadness,0.324135299772024,1
dhriti,ADHD,Surprise,1.10585359996184,1
dhriti,ADHD,Disgust,2.00938790012151,1
dhriti,ADHD,Fear,0.308197799604386,0
dhriti,ADHD,Happiness,0.222199100069701,1
dhriti,ADHD,Disgust,1.06341100018471,1
dhriti,ADHD,Happiness,0.208850499708205,1
dhriti,ADHD,Fear,2.39398499997332,0
dhriti,ADHD,Surprise,0.286711100023239,1
dhriti,ADHD,Anger,1.40947080031037,1
dhriti,ADHD,Surprise,0.930656900163739,1
dhriti,ADHD,Disgust,0.400514599867165,1
dhriti,ADHD,Happiness,0.266026400029659,1
dhriti,ADHD,Disgust,0.317762699909508,1
dhriti,ADHD,Sadness,0.219001499935984,1
dhriti,ADHD,Fear,2.30085380002856,0
dhriti,ADHD,Surprise,1.65289940033108,1
dhriti,ADHD,Surprise,1.31558329984545,0
dhriti,ADHD,Happiness,0.371520899701863,1
dhriti,ADHD,Surprise,3.006935399957,0
dhriti,ADHD,Fear,6.39650589972734,0
dhriti,ADHD,Surprise,0.258144500199705,1
dhriti,ADHD,Fear,0.489405000116676,0
dhriti,ADHD,Happiness,0.288299799896776,1
dhriti,ADHD,Fear,5.8378935996443,0
dhriti,ADHD,Fear,4.9507256001234,1
dhriti,ADHD,Sadness,0.399860200006514,1
dhriti,ADHD,Anger,0.678663100115954,0
dhriti,ADHD,Anger,0.361309899948537,1
dhriti,ADHD,Anger,0.306267300155013,0
dhriti,ADHD,Sadness,5.67372550023719,0
dhriti,ADHD,Disgust,1.7791114998981299,1
dhriti,ADHD,Happiness,0.610236099921166,1
dhriti,ADHD,Sadness,0.370941400062292,1
dhriti,ADHD,Anger,1.50125550013035,1
dhriti,ADHD,Disgust,0.5514095001854,1
dhriti,ADHD,Anger,0.594151699915528,0
dhriti,ADHD,Disgust,1.38213769998401,0
dhriti,ADHD,Fear,0.561853399965912,0
dhriti,ADHD,Sadness,0.261612999718636,1
dhriti,ADHD,Disgust,0.381458200048655,0
dhriti,ADHD,Anger,0.268183100037276,0
dhriti,ADHD,Anger,0.292421099729836,1
dhriti,ADHD,Happiness,3.09164929995313,0
TEJBEER,ADHD,Surprise,3.64311150000003,0
TEJBEER,ADHD,Disgust,2.43948709999995,0
TEJBEER,ADHD,Fear,0.657990100000006,0
TEJBEER,ADHD,Happiness,0.33726260000003,1
TEJBEER,ADHD,Sadness,0.297020599999996,1
TEJBEER,ADHD,Surprise,0.490941600000041,1
TEJBEER,ADHD,Sadness,0.292154500000378,1
TEJBEER,ADHD,Anger,1.97240039999996,0
TEJBEER,ADHD,Sadness,0.397467599999799,1
TEJBEER,ADHD,Surprise,1.42470219999995,0
TEJBEER,ADHD,Happiness,0.412985200000093,1
TEJBEER,ADHD,Fear,1.02870280000024,0
TEJBEER,ADHD,Anger,0.958734600000298,0
TEJBEER,ADHD,Disgust,1.20450179999988,1
TEJBEER,ADHD,Surprise,0.573451300000215,0
TEJBEER,ADHD,Happiness,0.508097500000076,1
TEJBEER,ADHD,Anger,1.47452099999964,1
TEJBEER,ADHD,Fear,1.11539949999996,0
TEJBEER,ADHD,Disgust,0.55740250000008,0
TEJBEER,ADHD,Sadness,0.557701100000031,0
TEJBEER,ADHD,Fear,0.708917299999939,0
TEJBEER,ADHD,Anger,0.529812400000082,0
TEJBEER,ADHD,Disgust,2.89358429999992,0
TEJBEER,ADHD,Surprise,0.46110520000002,1
TEJBEER,ADHD,Fear,3.24145319999979,0
TEJBEER,ADHD,Fear,9.20254520000025,1
TEJBEER,ADHD,Sadness,0.483721999999943,1
TEJBEER,ADHD,Surprise,2.36413420000008,1
TEJBEER,ADHD,Happiness,0.386304299999665,1
TEJBEER,ADHD,Disgust,0.39997970000013,0
TEJBEER,ADHD,Happiness,0.359213800000361,1
TEJBEER,ADHD,Fear,0.626382100000228,0
TEJBEER,ADHD,Sadness,7.56787249999979,0
TEJBEER,ADHD,Anger,2.61817819999987,0
TEJBEER,ADHD,Surprise,2.11172410000017,1
TEJBEER,ADHD,Happiness,0.429996200000005,1
TEJBEER,ADHD,Happiness,0.251773400000274,1
TEJBEER,ADHD,Disgust,0.226351299999805,0
TEJBEER,ADHD,Happiness,0.2942694999997,1
TEJBEER,ADHD,Anger,0.297100899999804,0
TEJBEER,ADHD,Sadness,3.24195499999996,0
TEJBEER,ADHD,Anger,3.95748890000004,1
TEJBEER,ADHD,Anger,0.751479900000049,1
TEJBEER,ADHD,Sadness,0.274915599999985,1
TEJBEER,ADHD,Fear,0.482924500000081,0
TEJBEER,ADHD,Disgust,3.11806750000005,1
TEJBEER,ADHD,Surprise,3.92658140000003,1
TEJBEER,ADHD,Disgust,0.923030399999788,1
GURSHEEN,ADHD,Disgust,2.6862974999999,0
GURSHEEN,ADHD,Surprise,2.62557220000007,1
GURSHEEN,ADHD,Sadness,3.12725610000006,1
GURSHEEN,ADHD,Happiness,0.711865299999772,1
GURSHEEN,ADHD,Fear,1.49206989999993,1
GURSHEEN,ADHD,Fear,0.298578599999928,0
GURSHEEN,ADHD,Happiness,0.358409800000117,1
GURSHEEN,ADHD,Anger,0.773205100000268,0
GURSHEEN,ADHD,Fear,0.806231999999909,0
GURSHEEN,ADHD,Anger,1.62179869999999,1
GURSHEEN,ADHD,Anger,1.6149263000002,0
GURSHEEN,ADHD,Disgust,1.28917939999973,0
GURSHEEN,ADHD,Disgust,3.99591789999976,0
GURSHEEN,ADHD,Happiness,0.720672500000091,1
GURSHEEN,ADHD,Surprise,2.94149040000002,1
GURSHEEN,ADHD,Sadness,1.23627269999997,1
GURSHEEN,ADHD,Disgust,3.37679180000031,1
GURSHEEN,ADHD,Happiness,1.38088209999978,1
GURSHEEN,ADHD,Fear,0.787280600000031,0
GURSHEEN,ADHD,Surprise,5.33356619999995,1
GURSHEEN,ADHD,Sadness,0.747080099999948,1
GURSHEEN,ADHD,Surprise,1.04041190000043,1
GURSHEEN,ADHD,Sadness,2.19257079999988,1
GURSHEEN,ADHD,Sadness,0.366678200000023,1
GURSHEEN,ADHD,Happiness,1.24495019999994,1
GURSHEEN,ADHD,Surprise,2.79858569999987,1
GURSHEEN,ADHD,Happiness,0.832084499999837,1
GURSHEEN,ADHD,Fear,2.04097449999972,0
GURSHEEN,ADHD,Anger,1.93425630000001,0
GURSHEEN,ADHD,Surprise,0.680801200000132,1
GURSHEEN,ADHD,Surprise,0.303004500000042,1
GURSHEEN,ADHD,Disgust,4.87218910000001,1
GURSHEEN,ADHD,Surprise,4.76784810000026,1
GURSHEEN,ADHD,Happiness,0.365423899999768,1
GURSHEEN,ADHD,Fear,2.22195210000018,0
GURSHEEN,ADHD,Anger,7.51575820000016,0
GURSHEEN,ADHD,Disgust,0.380853200000274,1
GURSHEEN,ADHD,Anger,2.77908700000034,0
GURSHEEN,ADHD,Sadness,0.372087599999758,1
GURSHEEN,ADHD,Fear,1.23020939999969,0
khushi batra,ADHD,Sadness,0.414674700004979,0
khushi batra,ADHD,Sadness,6.56443080000462,0
khushi batra,ADHD,Anger,1.1365652999957,1
khushi batra,ADHD,Sadness,0.214207099983468,1
khushi batra,ADHD,Anger,0.262669999996433,1
khushi batra,ADHD,Disgust,0.256260499998461,0
khushi batra,ADHD,Surprise,6.32649720000335,1
khushi batra,ADHD,Surprise,4.35375579999527,1
khushi batra,ADHD,Fear,0.206558799982303,0
khushi batra,ADHD,Fear,4.99191390001215,0
khushi batra,ADHD,Disgust,0.59270269999979,1
khushi batra,ADHD,Fear,0.30320410002605,0
khushi batra,ADHD,Fear,6.27525429998058,0
khushi batra,ADHD,Sadness,0.479889699985506,1
khushi batra,ADHD,Anger,0.597744200000306,1
khushi batra,ADHD,Surprise,0.380258300021523,0
khushi batra,ADHD,Happiness,1.00860930001363,1
khushi batra,ADHD,Anger,0.642237499996554,1
khushi batra,ADHD,Disgust,1.21267649999936,1
khushi batra,ADHD,Happiness,0.430223000003024,1
khushi batra,ADHD,Sadness,2.14035440000589,1
khushi batra,ADHD,Surprise,2.5469882999896,0
khushi batra,ADHD,Disgust,2.05634079998708,1
khushi batra,ADHD,Fear,3.74832929999684,0
khushi batra,ADHD,Anger,0.82224869998754,0
khushi batra,ADHD,Happiness,1.84584120000363,1
khushi batra,ADHD,Happiness,3.68898550001904,1
khushi batra,ADHD,Happiness,0.694853499997407,1
khushi batra,ADHD,Anger,1.97369220000109,0
khushi batra,ADHD,Fear,1.8986944000062,1
khushi batra,ADHD,Sadness,2.99284330001682,0
khushi batra,ADHD,Anger,0.480651099991519,1
khushi batra,ADHD,Disgust,1.23068019998027,1
khushi batra,ADHD,Sadness,1.54154130001552,0
khushi batra,ADHD,Surprise,1.51002659997902,1
khushi batra,ADHD,Fear,1.22962050000205,0
khushi batra,ADHD,Surprise,1.61683759998413,0
khushi batra,ADHD,Fear,1.04939010000089,1
khushi batra,ADHD,Happiness,2.62171839998336,1
khushi batra,ADHD,Happiness,0.583842899999581,1
khushi batra,ADHD,Disgust,1.46793980000074,1
khushi batra,ADHD,Disgust,0.395521099999314,1
khushi batra,ADHD,Surprise,1.55218629998853,0
gurnoor,NORMAL,Sadness,4.40948319999733,1
gurnoor,NORMAL,Surprise,1.27735819999361,0
gurnoor,NORMAL,Surprise,4.25705120002385,1
gurnoor,NORMAL,Happiness,0.888842599990312,1
gurnoor,NORMAL,Disgust,2.11637340000015,1
gurnoor,NORMAL,Disgust,2.15726609999546,0
gurnoor,NORMAL,Happiness,2.35927449999144,1
gurnoor,NORMAL,Surprise,1.03500180001719,0
gurnoor,NORMAL,Disgust,2.83819239999866,0
gurnoor,NORMAL,Fear,1.88232769997557,0
gurnoor,NORMAL,Fear,1.34559569999692,1
gurnoor,NORMAL,Sadness,0.287947499979054,1
gurnoor,NORMAL,Anger,1.18454629997722,1
gurnoor,NORMAL,Happiness,0.807923700020182,1
gurnoor,NORMAL,Happiness,1.45193189999554,1
gurnoor,NORMAL,Happiness,1.98118819997762,1
gurnoor,NORMAL,Sadness,1.0027975999983,1
gurnoor,NORMAL,Anger,1.55219819999183,1
gurnoor,NORMAL,Sadness,0.593078000005334,0
gurnoor,NORMAL,Disgust,3.375987300009,1
gurnoor,NORMAL,Anger,1.13333320000674,1
gurnoor,NORMAL,Surprise,0.905745800002478,0
gurnoor,NORMAL,Disgust,0.296031799982301,0
gurnoor,NORMAL,Surprise,1.2903410999861,1
gurnoor,NORMAL,Anger,0.627230899990536,1
gurnoor,NORMAL,Happiness,3.89554649998899,1
gurnoor,NORMAL,Sadness,1.04422669997438,0
gurnoor,NORMAL,Surprise,4.15742189998854,1
gurnoor,NORMAL,Happiness,1.09741890002624,1
gurnoor,NORMAL,Disgust,1.97714689999702,0
gurnoor,NORMAL,Sadness,0.882523700012825,1
gurnoor,NORMAL,Sadness,1.3188525000005,0
gurnoor,NORMAL,Fear,3.07848009999725,0
gurnoor,NORMAL,Anger,1.34823440000764,1
gurnoor,NORMAL,Anger,0.535795999981928,1
gurnoor,NORMAL,Anger,2.16569310001796,0
gurnoor,NORMAL,Surprise,0.918472700024722,1
gurnoor,NORMAL,Fear,1.92390530000557,0
gurnoor,NORMAL,Anger,0.515208500000881,0
gurnoor,NORMAL,Sadness,2.25173230000655,0
gurnoor,NORMAL,Fear,0.533121099986601,1
gurnoor,NORMAL,Surprise,0.516373399994336,1
gurnoor,NORMAL,Happiness,5.68284580000909,0
gurnoor,NORMAL,Fear,0.716503100004047,1
gurnoor,NORMAL,Fear,3.28675270001986,1
gurnoor,NORMAL,Fear,2.98912949999794,0
gurnoor,NORMAL,Disgust,0.690497799980221,1
gurnoor,NORMAL,Disgust,1.05442739999853,0
taranveer singh,ADHD,Sadness,1.68028630001936,0
taranveer singh,ADHD,Disgust,0.302633399987826,0
taranveer singh,ADHD,Happiness,0.237406200001714,1
taranveer singh,ADHD,Happiness,0.226774699985981,1
taranveer singh,ADHD,Sadness,1.98351199997705,0
taranveer singh,ADHD,Happiness,0.205314899998484,1
taranveer singh,ADHD,Disgust,2.62883189998683,1
taranveer singh,ADHD,Disgust,3.04653459999826,1
taranveer singh,ADHD,Anger,0.204061800002818,1
taranveer singh,ADHD,Sadness,3.03977730000042,0
taranveer singh,ADHD,Disgust,0.580763300007674,1
taranveer singh,ADHD,Disgust,0.65476220002165,1
taranveer singh,ADHD,Surprise,0.307099600002402,1
taranveer singh,ADHD,Anger,4.10914149999734,1
taranveer singh,ADHD,Fear,1.55889890002436,0
taranveer singh,ADHD,Sadness,0.239536000008229,1
taranveer singh,ADHD,Surprise,0.79303400000208,1
taranveer singh,ADHD,Fear,3.84052749999682,0
taranveer singh,ADHD,Happiness,0.274399899994023,1
taranveer singh,ADHD,Fear,2.50596069998573,1
taranveer singh,ADHD,Anger,6.17568159999791,1
taranveer singh,ADHD,Sadness,3.94745310000143,1
taranveer singh,ADHD,Happiness,0.697792899998603,1
taranveer singh,ADHD,Fear,0.36371269999654,0
taranveer singh,ADHD,Anger,2.13618050000513,1
taranveer singh,ADHD,Fear,0.691783299989765,0
taranveer singh,ADHD,Anger,0.227854799974011,1
taranveer singh,ADHD,Surprise,0.402522399992449,1
taranveer singh,ADHD,Sadness,0.356150399980833,1
taranveer singh,ADHD,Disgust,1.65706269998918,0
taranveer singh,ADHD,Sadness,5.03936240001348,0
taranveer singh,ADHD,Happiness,0.200946199998725,1
taranveer singh,ADHD,Fear,0.425082100002327,0
taranveer singh,ADHD,Disgust,1.41854600000078,1
taranveer singh,ADHD,Anger,0.790392599999904,0
taranveer singh,ADHD,Surprise,7.2436391999945,1
taranveer singh,ADHD,Surprise,0.345034300000406,1
taranveer singh,ADHD,Anger,2.20547210000222,0
taranveer singh,ADHD,Surprise,0.308812800009036,1
taranveer singh,ADHD,Sadness,1.65759449999313,0
taranveer singh,ADHD,Disgust,5.07089040000573,0
taranveer singh,ADHD,Fear,0.683546500018565,0
karan kota,ADHD,Fear,7.28981600003317,0
karan kota,ADHD,Anger,0.500770799990277,0
karan kota,ADHD,Surprise,0.317611899983603,1
karan kota,ADHD,Surprise,0.335150400002021,0
karan kota,ADHD,Anger,0.555826399999205,0
karan kota,ADHD,Disgust,1.54383710003457,1
karan kota,ADHD,Anger,1.66847239999333,1
karan kota,ADHD,Happiness,1.01713460002793,0
karan kota,ADHD,Fear,3.07562970003346,1
karan kota,ADHD,Sadness,1.46921140002086,0
karan kota,ADHD,Sadness,0.513191999983973,1
karan kota,ADHD,Fear,1.23178370000096,1
karan kota,ADHD,Happiness,0.309145400009583,1
karan kota,ADHD,Disgust,0.426557900034822,0
karan kota,ADHD,Happiness,0.223033000016585,1
karan kota,ADHD,Surprise,0.665558299981057,1
karan kota,ADHD,Surprise,0.711172299983445,1
karan kota,ADHD,Anger,1.4235086000408,1
karan kota,ADHD,Fear,2.77486010000575,1
karan kota,ADHD,Surprise,6.3988423999981,0
karan kota,ADHD,Happiness,0.251010700012557,1
karan kota,ADHD,Disgust,2.48968290002085,1
karan kota,ADHD,Disgust,2.00740230001974,1
karan kota,ADHD,Anger,0.773551700054667,1
karan kota,ADHD,Disgust,0.501015299989376,0
karan kota,ADHD,Anger,2.79009800002677,1
karan kota,ADHD,Anger,4.33784699998796,1
karan kota,ADHD,Fear,2.76835080003365,1
karan kota,ADHD,Fear,6.42229320004116,0
karan kota,ADHD,Disgust,2.1565866000019,0
karan kota,ADHD,Surprise,1.17931269999826,1
karan kota,ADHD,Sadness,0.601812899985816,0
karan kota,ADHD,Happiness,0.423212599998805,1
karan kota,ADHD,Sadness,1.80312039999989,0
karan kota,ADHD,Surprise,0.890814699989277,1
karan kota,ADHD,Disgust,0.969507999951019,1
karan kota,ADHD,Sadness,2.18355179997161,0
karan kota,ADHD,Happiness,0.314056599978357,1
karan kota,ADHD,Surprise,2.12566879997029,1
karan kota,ADHD,Sadness,0.387783699959982,0
karan kota,ADHD,Happiness,0.238562199985608,1
karan kota,ADHD,Fear,0.459549200022593,0
karan kota,ADHD,Sadness,1.00332710001384,0
karan kota,ADHD,Sadness,1.44380780000938,0
karan kota,ADHD,Fear,1.99553079996258,1
baneet,NORMAL,Sadness,8.08281009999336,1
baneet,NORMAL,Surprise,0.621385800011921,1
baneet,NORMAL,Anger,0.421177300042472,1
baneet,NORMAL,Happiness,0.201219799986574,1
baneet,NORMAL,Anger,2.46151679998729,0
baneet,NORMAL,Fear,0.306014799978584,0
baneet,NORMAL,Fear,2.33327600004849,1
baneet,NORMAL,Happiness,0.335763100010808,1
baneet,NORMAL,Disgust,4.80093930003931,0
baneet,NORMAL,Disgust,0.528626499988604,1
baneet,NORMAL,Fear,1.40667009999742,1
baneet,NORMAL,Sadness,0.906697499973233,1
baneet,NORMAL,Fear,5.59512730001006,0
baneet,NORMAL,Anger,0.332143299980089,1
baneet,NORMAL,Disgust,0.272313499997835,1
baneet,NORMAL,Happiness,0.272153300000354,1
baneet,NORMAL,Happiness,0.307496200024616,1
baneet,NORMAL,Surprise,0.367443899973295,1
baneet,NORMAL,Surprise,1.56666130002122,1
baneet,NORMAL,Fear,0.35153280000668,1
baneet,NORMAL,Anger,0.739253400010056,0
baneet,NORMAL,Surprise,0.435622900025919,1
baneet,NORMAL,Disgust,0.256731799978297,1
baneet,NORMAL,Fear,1.94110619998537,0
baneet,NORMAL,Sadness,1.13945369998691,1
baneet,NORMAL,Sadness,0.907481000002007,1
baneet,NORMAL,Disgust,0.293968000041786,1
baneet,NORMAL,Sadness,0.338662300026044,1
baneet,NORMAL,Surprise,0.255980500020086,1
baneet,NORMAL,Fear,1.44452030002139,1
baneet,NORMAL,Surprise,2.42281170003116,1
baneet,NORMAL,Anger,3.77423330000601,0
baneet,NORMAL,Disgust,0.318556000012904,1
baneet,NORMAL,Happiness,0.361697599990293,1
baneet,NORMAL,Sadness,0.570681000011973,0
baneet,NORMAL,Surprise,0.280546199996024,0
baneet,NORMAL,Anger,0.318307599984109,1
baneet,NORMAL,Disgust,1.00231090001761,0
baneet,NORMAL,Sadness,0.426513400045223,1
baneet,NORMAL,Happiness,0.239718199998606,1
baneet,NORMAL,Happiness,0.91232060000766,1
baneet,NORMAL,Anger,0.4144524000003,0
baneet,NORMAL,Surprise,0.276863000006414,1
baneet,NORMAL,Disgust,0.385040000022854,1
baneet,NORMAL,Fear,0.429409100033808,0
baneet,NORMAL,Anger,1.84261829999741,1
kabir,AUTISM,Sadness,4.59475530008785,0
kabir,AUTISM,Sadness,0.727312299888581,1
kabir,AUTISM,Surprise,0.662277600029483,0
kabir,AUTISM,Happiness,9.13453119993209,1
kabir,AUTISM,Fear,3.46636869991198,0
kabir,AUTISM,Surprise,4.89728789986111,1
kabir,AUTISM,Anger,2.68161739991046,0
kabir,AUTISM,Happiness,5.23266059998422,1
kabir,AUTISM,Happiness,5.9541629999876,1
kabir,AUTISM,Fear,7.33346660016104,0
kabir,AUTISM,Happiness,2.62515729991719,0
kabir,AUTISM,Fear,1.75012749992311,0
kabir,AUTISM,Disgust,0.605882700067013,0
kabir,AUTISM,Anger,0.268005000194534,0
kabir,AUTISM,Happiness,3.48191180010326,1
kabir,AUTISM,Disgust,1.6229906999506,0
kabir,AUTISM,Disgust,2.78185759996995,0
kabir,AUTISM,Surprise,5.94645869988016,0
kabir,AUTISM,Surprise,6.17783679999411,0
kabir,AUTISM,Sadness,5.85549469990655,0
kabir,AUTISM,Surprise,7.5232877000235,1
kabir,AUTISM,Sadness,1.24102690001018,0
kabir,AUTISM,Fear,5.62913819984532,0
kabir,AUTISM,Anger,1.95769739989191,1
kabir,AUTISM,Happiness,0.748589999973774,1
kabir,AUTISM,Happiness,0.293412399943918,1
kabir,AUTISM,Disgust,4.48160149995237,1
kabir,AUTISM,Sadness,8.29326749988831,0
kabir,AUTISM,Fear,6.46155480016022,1
kabir,AUTISM,Anger,2.36948440014384,1
kabir,AUTISM,Anger,3.59546039998531,0
kabir,AUTISM,Disgust,4.41154890018515,1
kabir,AUTISM,Disgust,4.01242300006561,0
kabir,AUTISM,Anger,1.40808660001494,1
kabir,AUTISM,Anger,2.96178839984349,1
kabir,AUTISM,Sadness,2.64366950001567,0
kabir,AUTISM,Anger,0.241543499985709,0
kabir,AUTISM,Surprise,1.60023940005339,0
kabir,AUTISM,Disgust,7.3774007000029,0
itish,ADHD,Fear,0.489745900034904,0
itish,ADHD,Disgust,0.322330999886617,0
itish,ADHD,Happiness,5.81497659999877,1
itish,ADHD,Surprise,6.54194099991582,0
itish,ADHD,Anger,0.904729399830102,1
itish,ADHD,Anger,7.4698841001372696,0
itish,ADHD,Anger,8.96240780013613,0
itish,ADHD,Fear,1.28570059989579,0
itish,ADHD,Disgust,0.688601699890568,0
itish,ADHD,Sadness,1.84057649993337,0
itish,ADHD,Sadness,3.07549219997599,1
itish,ADHD,Anger,5.70861439988948,0
itish,ADHD,Anger,0.665368900168687,0
itish,ADHD,Fear,0.54920049989596,0
itish,ADHD,Sadness,0.710008000023663,1
itish,ADHD,Disgust,1.53402010002173,1
itish,ADHD,Anger,5.68445469997823,1
itish,ADHD,Happiness,2.24552819994278,1
itish,ADHD,Disgust,1.33033130015246,1
itish,ADHD,Happiness,1.33311570016667,1
itish,ADHD,Happiness,1.4886511999648,1
itish,ADHD,Fear,5.90398170007392,0
itish,ADHD,Disgust,4.14175790012814,1
itish,ADHD,Fear,0.836956799961626,0
itish,ADHD,Surprise,1.3493800999131,1
itish,ADHD,Surprise,0.317483100108802,1
itish,ADHD,Happiness,0.620190799934789,1
itish,ADHD,Surprise,0.403608999913558,1
itish,ADHD,Sadness,0.517988399835303,1
itish,ADHD,Happiness,0.726509400177747,1
itish,ADHD,Disgust,0.26745199994184,0
itish,ADHD,Sadness,1.22481719986535,1
itish,ADHD,Disgust,2.12897670012898,1
itish,ADHD,Sadness,0.256992699811235,1
itish,ADHD,Surprise,0.346146499970927,1
itish,ADHD,Surprise,0.341662100050598,1
itish,ADHD,Fear,2.16697709984146,0
itish,ADHD,Surprise,0.258289800025522,1
itish,ADHD,Disgust,1.10349100013263,1
itish,ADHD,Sadness,4.99762399983592,1
itish,ADHD,Anger,2.25231869984418,1
tavish continua 28,ADHD,Fear,5.83025159989483,0
tavish continua 28,ADHD,Happiness,0.350601200014352,1
tavish continua 28,ADHD,Surprise,1.21970520005561,1
tavish continua 28,ADHD,Sadness,0.265219399938359,1
tavish continua 28,ADHD,Anger,0.243955900194123,1
tavish continua 28,ADHD,Happiness,0.252683599945157,1
tavish continua 28,ADHD,Happiness,0.227337900083512,1
tavish continua 28,ADHD,Fear,1.24251020001247,1
tavish continua 28,ADHD,Fear,0.406790799926966,1
tavish continua 28,ADHD,Sadness,0.319847800070419,1
tavish continua 28,ADHD,Surprise,0.245515000075101,1
tavish continua 28,ADHD,Surprise,0.379304199945181,1
tavish continua 28,ADHD,Surprise,0.370085100177675,1
tavish continua 28,ADHD,Sadness,0.385002000024542,0
tavish continua 28,ADHD,Sadness,0.400007400196045,1
tavish continua 28,ADHD,Disgust,0.462777500040829,1
tavish continua 28,ADHD,Fear,1.06413890002295,0
tavish continua 28,ADHD,Surprise,0.556478499900549,1
tavish continua 28,ADHD,Fear,1.81710299989208,0
tavish continua 28,ADHD,Happiness,0.532505400013178,0
tavish continua 28,ADHD,Anger,0.550988600123673,1
tavish continua 28,ADHD,Anger,0.384477700106799,1
tavish continua 28,ADHD,Anger,0.581104400102049,1
tavish continua 28,ADHD,Disgust,0.389963400084525,1
tavish continua 28,ADHD,Fear,0.333273899974301,0
tavish continua 28,ADHD,Disgust,0.384111799998208,1
tavish continua 28,ADHD,Fear,0.491547599900513,1
tavish continua 28,ADHD,Disgust,0.630132700083777,1
tavish continua 28,ADHD,Disgust,0.386022399878129,1
tavish continua 28,ADHD,Fear,0.340338100213557,1
tavish continua 28,ADHD,Sadness,0.38954190001823,1
tavish continua 28,ADHD,Anger,0.479394099907949,1
tavish continua 28,ADHD,Anger,0.309434999944642,1
tavish continua 28,ADHD,Sadness,0.52977929986082,1
tavish continua 28,ADHD,Disgust,0.274800599785521,1
tavish continua 28,ADHD,Disgust,1.27553699980489,0
tavish continua 28,ADHD,Anger,0.506833099992945,1
tavish continua 28,ADHD,Happiness,0.379850999917835,1
tavish continua 28,ADHD,Happiness,0.280402899952605,1
tavish continua 28,ADHD,Surprise,0.301689200103282,1
tavish continua 28,ADHD,Disgust,0.681999099906534,1
tavish continua 28,ADHD,Sadness,0.501263400074094,0
tavish continua 28,ADHD,Surprise,0.604936700081452,1
tavish continua 28,ADHD,Sadness,0.481270199874416,1
tavish continua 28,ADHD,Happiness,0.311174999922513,1
tavish continua 28,ADHD,Anger,0.99654519977048,0
tavish continua 28,ADHD,Happiness,0.365589199820533,1
tavish continua 28,ADHD,Surprise,0.923322100192308,1
naitwik cont 5,ADHD,Sadness,2.43265810003504,0
naitwik cont 5,ADHD,Surprise,1.98010419984348,0
naitwik cont 5,ADHD,Happiness,3.07623669994063,1
naitwik cont 5,ADHD,Sadness,2.09820559993386,1
naitwik cont 5,ADHD,Surprise,2.17810579994693,1
naitwik cont 5,ADHD,Anger,5.85377510008402,0
naitwik cont 5,ADHD,Anger,2.02350179990753,0
naitwik cont 5,ADHD,Surprise,1.04150429996661,1
naitwik cont 5,ADHD,Disgust,1.29428600007668,1
naitwik cont 5,ADHD,Anger,1.12135489983484,0
naitwik cont 5,ADHD,Disgust,1.68355230009183,0
naitwik cont 5,ADHD,Disgust,4.85442130011506,1
naitwik cont 5,ADHD,Anger,3.07643070002086,0
naitwik cont 5,ADHD,Surprise,0.622969299787655,0
naitwik cont 5,ADHD,Sadness,0.950063199969008,1
naitwik cont 5,ADHD,Happiness,0.920138800051063,1
naitwik cont 5,ADHD,Happiness,2.04969580005854,1
naitwik cont 5,ADHD,Disgust,1.10424600006081,0
naitwik cont 5,ADHD,Sadness,3.27570160012692,1
naitwik cont 5,ADHD,Fear,1.55100360000506,0
naitwik cont 5,ADHD,Sadness,0.9795278001111,0
naitwik cont 5,ADHD,Surprise,1.96992740011774,0
naitwik cont 5,ADHD,Fear,0.282588199945166,0
naitwik cont 5,ADHD,Fear,1.37616730015724,0
naitwik cont 5,ADHD,Anger,5.38652559998445,0
naitwik cont 5,ADHD,Sadness,3.05124830012209,0
naitwik cont 5,ADHD,Fear,2.61946909991093,0
naitwik cont 5,ADHD,Happiness,0.625858600018546,1
naitwik cont 5,ADHD,Fear,1.75281039997935,0
naitwik cont 5,ADHD,Happiness,0.257390700047835,1
naitwik cont 5,ADHD,Anger,1.32938629994168,0
naitwik cont 5,ADHD,Happiness,0.989285700023174,1
naitwik cont 5,ADHD,Fear,5.88844829984009,0
naitwik cont 5,ADHD,Disgust,2.87147110002115,1
naitwik cont 5,ADHD,Disgust,2.57748600002378,0
naitwik cont 5,ADHD,Surprise,1.69941410003229,1
naitwik cont 5,ADHD,Happiness,0.268958800006657,1
naitwik cont 5,ADHD,Happiness,0.325009800028055,1
naitwik cont 5,ADHD,Sadness,6.04010619991458,0
naitwik cont 5,ADHD,Anger,0.40796159999445,0
naitwik cont 5,ADHD,Anger,6.02695089997723,0
naitwik cont 5,ADHD,Surprise,5.07118370011448,1
naitwik cont 5,ADHD,Disgust,5.15397290000692,1
naitwik cont 5,ADHD,Fear,3.51570990006439,0
naitwik cont 5,ADHD,Sadness,6.08183639985509,1
naitwik cont 5,ADHD,Disgust,7.24014130001887,1
shlok,ADHD,Disgust,0.382986200042068,1
shlok,ADHD,Fear,5.55966260004788,1
shlok,ADHD,Disgust,3.29561540018767,0
shlok,ADHD,Fear,1.23284989991225,0
shlok,ADHD,Sadness,0.587967299856245,1
shlok,ADHD,Fear,1.34812820004299,0
shlok,ADHD,Fear,5.97615969995968,1
shlok,ADHD,Surprise,0.443645499879494,0
shlok,ADHD,Disgust,1.1402665998321,0
shlok,ADHD,Anger,1.09713399992324,1
shlok,ADHD,Disgust,4.32822860009037,1
shlok,ADHD,Sadness,6.63574759988114,0
shlok,ADHD,Surprise,1.01570600015111,0
shlok,ADHD,Sadness,0.499434799887239,1
shlok,ADHD,Anger,0.2596853999421,1
shlok,ADHD,Fear,2.5388074000366,0
shlok,ADHD,Disgust,0.354167999932542,0
shlok,ADHD,Surprise,0.313389599788934,0
shlok,ADHD,Sadness,0.239137099822983,1
shlok,ADHD,Happiness,0.404890300007537,1
shlok,ADHD,Anger,1.06635369989089,0
shlok,ADHD,Surprise,3.10588530008681,1
shlok,ADHD,Fear,4.90515090012922,1
shlok,ADHD,Anger,7.00305739999748,1
shlok,ADHD,Sadness,1.75280399993062,1
shlok,ADHD,Fear,4.7629023999907,0
shlok,ADHD,Sadness,0.81069209985435,1
shlok,ADHD,Sadness,1.95014850003644,0
shlok,ADHD,Happiness,8.21477199997752,1
shlok,ADHD,Happiness,1.84323569992557,1
shlok,ADHD,Anger,4.06385690020397,1
shlok,ADHD,Happiness,0.939122000010684,1
shlok,ADHD,Disgust,0.859229000052437,0
shlok,ADHD,Happiness,2.76683399989269,1
shlok,ADHD,Anger,1.48380059981718,0
shlok,ADHD,Happiness,0.880186999915167,1
shlok,ADHD,Surprise,1.84345169994048,1
shlok,ADHD,Surprise,1.38497540005482,1
shlok,ADHD,Disgust,1.33163350005634,1
shlok,ADHD,Sadness,0.341190099949017,1
shlok,ADHD,Anger,2.05922559997998,1
shlok,ADHD,Fear,3.45584729989059,1
shlok,ADHD,Surprise,1.68987699993886,1
shlok,ADHD,Disgust,3.22233660006895,0
ishita normal,NORMAL,Happiness,2.31958399992436,1
ishita normal,NORMAL,Anger,0.814267300069332,1
ishita normal,NORMAL,Anger,0.602125899866223,0
ishita normal,NORMAL,Sadness,2.7058045999147,0
ishita normal,NORMAL,Disgust,4.68468119995668,0
ishita normal,NORMAL,Happiness,1.63839299976825,1
ishita normal,NORMAL,Fear,0.344101500231772,1
ishita normal,NORMAL,Happiness,0.271962699946016,1
ishita normal,NORMAL,Happiness,3.87400100007653,1
ishita normal,NORMAL,Surprise,1.28703789971768,0
ishita normal,NORMAL,Surprise,2.66152970027178,1
ishita normal,NORMAL,Disgust,2.409352700226,1
ishita normal,NORMAL,Sadness,0.961916899774223,1
ishita normal,NORMAL,Sadness,2.93213080009445,0
ishita normal,NORMAL,Anger,4.26839319989085,0
ishita normal,NORMAL,Disgust,1.52724250033497,0
ishita normal,NORMAL,Fear,0.759696800261735,0
ishita normal,NORMAL,Anger,0.274968399666249,1
ishita normal,NORMAL,Happiness,1.43981610005721,1
ishita normal,NORMAL,Disgust,0.252841600216925,0
ishita normal,NORMAL,Surprise,0.351971399970352,1
ishita normal,NORMAL,Disgust,2.6323253000155,1
ishita normal,NORMAL,Anger,2.59105479996651,1
ishita normal,NORMAL,Fear,0.355816500261425,0
ishita normal,NORMAL,Fear,2.00351969990879,0
ishita normal,NORMAL,Surprise,1.41834900015965,1
ishita normal,NORMAL,Sadness,8.78307829983532,1
ishita normal,NORMAL,Fear,3.15171519992873,1
ishita normal,NORMAL,Fear,2.99970080005005,0
ishita normal,NORMAL,Surprise,2.06394529994577,1
ishita normal,NORMAL,Happiness,1.21175020001828,1
ishita normal,NORMAL,Disgust,0.472444700077176,0
ishita normal,NORMAL,Sadness,3.27045679977163,0
ishita normal,NORMAL,Happiness,0.396742099896073,1
ishita normal,NORMAL,Sadness,3.19859889987856,0
ishita normal,NORMAL,Surprise,0.788892600219696,0
ishita normal,NORMAL,Surprise,0.296740599907934,1
ishita normal,NORMAL,Surprise,3.07515689963474,0
ishita normal,NORMAL,Sadness,2.1112299002707,1
ishita normal,NORMAL,Fear,2.37551329983398,1
ishita normal,NORMAL,Anger,0.648962399922311,1
ishita normal,NORMAL,Disgust,3.42013210011646,0
ishita normal,NORMAL,Anger,8.74484330043196,1
ishita normal,NORMAL,Disgust,5.72607169998809,1
ishita normal,NORMAL,Fear,1.06752949999645,0
ishita normal,NORMAL,Sadness,0.947245600167661,0
ishita normal,NORMAL,Anger,0.440702699590474,1
raghav n,ADHD-H,Disgust,4.39782229997217,0
raghav n,ADHD-H,Surprise,0.562027600128203,1
raghav n,ADHD-H,Disgust,3.43376339972019,1
raghav n,ADHD-H,Disgust,0.741300099994987,1
raghav n,ADHD-H,Anger,3.97436580015346,0
raghav n,ADHD-H,Fear,4.84523899992927,0
raghav n,ADHD-H,Sadness,2.47209809999912,1
raghav n,ADHD-H,Disgust,4.78249010024592,0
raghav n,ADHD-H,Disgust,3.12726099975407,0
raghav n,ADHD-H,Anger,2.42789589986205,1
raghav n,ADHD-H,Happiness,4.02599210012704,1
raghav n,ADHD-H,Sadness,1.44972320040687,1
raghav n,ADHD-H,Fear,1.24599759979173,1
raghav n,ADHD-H,Sadness,0.992408299818635,0
raghav n,ADHD-H,Surprise,0.336764300242066,1
raghav n,ADHD-H,Anger,2.30512639973312,0
raghav n,ADHD-H,Happiness,4.653509600088,1
raghav n,ADHD-H,Fear,0.575115100014954,0
raghav n,ADHD-H,Fear,1.1554905003868,1
raghav n,ADHD-H,Sadness,1.84016689984127,1
raghav n,ADHD-H,Fear,4.84627330023795,0
raghav n,ADHD-H,Anger,4.44187120022252,1
raghav n,ADHD-H,Sadness,4.50024359999224,0
raghav n,ADHD-H,Disgust,1.95017920015379,1
raghav n,ADHD-H,Disgust,1.25376500003039,0
raghav n,ADHD-H,Happiness,1.08724640030413,1
raghav n,ADHD-H,Anger,5.89186099963262,0
raghav n,ADHD-H,Happiness,2.63838700018823,1
raghav n,ADHD-H,Disgust,3.95422299997881,1
raghav n,ADHD-H,Surprise,1.44435789994895,1
raghav n,ADHD-H,Sadness,2.99178319983184,0
raghav n,ADHD-H,Surprise,1.680104999803,1
raghav n,ADHD-H,Surprise,1.46148939989507,0
raghav n,ADHD-H,Fear,5.2725106999278,1
raghav n,ADHD-H,Sadness,0.674709500279277,1
raghav n,ADHD-H,Anger,1.05372240021824,0
raghav n,ADHD-H,Sadness,4.40396529994905,0
raghav n,ADHD-H,Surprise,1.77000549994409,1
raghav n,ADHD-H,Happiness,1.23456930043175,1
raghav n,ADHD-H,Happiness,0.278449399862438,1
raghav n,ADHD-H,Surprise,0.559543499723076,1
raghav n,ADHD-H,Anger,4.91568520013243,0
raghav n,ADHD-H,Fear,0.933079100213944,0
raghav n,ADHD-H,Happiness,0.290874400176107,1
raghav n,ADHD-H,Happiness,1.00407990021631,1
raghav n,ADHD-H,Surprise,1.20965800015255,1
bhomik n,ADHD,Anger,3.15677289990708,1
bhomik n,ADHD,Fear,4.12091380031779,0
bhomik n,ADHD,Sadness,4.68971359962597,1
bhomik n,ADHD,Fear,8.43520289985463,0
bhomik n,ADHD,Fear,8.23457650002092,0
bhomik n,ADHD,Disgust,2.85071719996631,0
bhomik n,ADHD,Fear,6.9222471001558,0
bhomik n,ADHD,Happiness,7.89023920008912,1
bhomik n,ADHD,Surprise,6.63766789995133,0
bhomik n,ADHD,Sadness,2.39210340008139,1
bhomik n,ADHD,Surprise,5.47028200002387,0
bhomik n,ADHD,Anger,0.319727700203657,0
bhomik n,ADHD,Surprise,0.814322200138121,0
bhomik n,ADHD,Fear,2.8170524998568,0
bhomik n,ADHD,Disgust,4.20579810021445,1
bhomik n,ADHD,Anger,1.94705610023811,0
bhomik n,ADHD,Sadness,2.41587480017915,1
bhomik n,ADHD,Disgust,2.35397369973361,0
bhomik n,ADHD,Disgust,1.0541240000166,0
bhomik n,ADHD,Surprise,1.94394539995118,1
bhomik n,ADHD,Sadness,0.425785600207746,1
bhomik n,ADHD,Happiness,0.520154099911451,1
bhomik n,ADHD,Surprise,0.846314599737525,1
bhomik n,ADHD,Sadness,0.294993299990892,1
bhomik n,ADHD,Fear,3.53701299987733,0
bhomik n,ADHD,Anger,1.16430470021441,0
bhomik n,ADHD,Sadness,1.2556185000576,1
bhomik n,ADHD,Anger,1.96276629995554,0
bhomik n,ADHD,Happiness,0.950087400153279,1
bhomik n,ADHD,Sadness,2.78241959959268,1
bhomik n,ADHD,Disgust,1.49018360022455,0
bhomik n,ADHD,Surprise,1.76632090006023,1
bhomik n,ADHD,Happiness,1.25988120026886,1
bhomik n,ADHD,Anger,1.47718020016327,0
bhomik n,ADHD,Anger,3.06204159976914,1
bhomik n,ADHD,Happiness,0.718713299836963,1
bhomik n,ADHD,Happiness,0.563843599986285,1
bhomik n,ADHD,Anger,4.47137220017612,0
bhomik n,ADHD,Surprise,2.52275600004941,1
bhomik n,ADHD,Disgust,3.25335919996723,0
bhomik n,ADHD,Surprise,4.25327380001544,0
bhomik n,ADHD,Sadness,0.481400500051677,1
bhomik n,ADHD,Fear,3.09348550019785,0
bhomik n,ADHD,Fear,0.293071900028735,0
bhomik n,ADHD,Disgust,0.281085700262337,1
khushali n,NORMAL,Surprise,6.37993380008265,1
khushali n,NORMAL,Fear,2.99246359989047,1
khushali n,NORMAL,Sadness,0.431529399938881,1
khushali n,NORMAL,Surprise,1.22272509988397,0
khushali n,NORMAL,Fear,4.11175139993429,0
khushali n,NORMAL,Disgust,0.965287799946963,1
khushali n,NORMAL,Happiness,1.12103090016171,1
khushali n,NORMAL,Surprise,3.56198500003665,0
khushali n,NORMAL,Happiness,1.90578859997913,1
khushali n,NORMAL,Disgust,1.95595489954575,0
khushali n,NORMAL,Fear,0.591267199721187,1
khushali n,NORMAL,Fear,0.365243199747055,0
khushali n,NORMAL,Sadness,0.252595900092273,1
khushali n,NORMAL,Anger,1.03820880036801,1
khushali n,NORMAL,Anger,1.38697190023958,0
khushali n,NORMAL,Fear,3.43689859984442,0
khushali n,NORMAL,Disgust,0.893257500138133,1
khushali n,NORMAL,Surprise,2.87041779980063,1
khushali n,NORMAL,Disgust,0.709502200130373,0
khushali n,NORMAL,Anger,0.886140699964016,0
khushali n,NORMAL,Happiness,0.974237299989908,1
khushali n,NORMAL,Anger,0.854848699644208,0
khushali n,NORMAL,Fear,0.637985299807041,0
khushali n,NORMAL,Surprise,0.32744099991396,1
khushali n,NORMAL,Anger,1.64704129984602,1
khushali n,NORMAL,Disgust,0.688731300178915,1
khushali n,NORMAL,Happiness,0.338993299752473,1
khushali n,NORMAL,Sadness,2.00127650005742,1
khushali n,NORMAL,Surprise,0.354139399714767,1
khushali n,NORMAL,Fear,0.586007799953222,1
khushali n,NORMAL,Anger,0.708024299703538,0
khushali n,NORMAL,Anger,2.41816159989684,1
khushali n,NORMAL,Sadness,2.33272480033338,1
khushali n,NORMAL,Happiness,0.568508999887853,1
khushali n,NORMAL,Sadness,5.57666110014542,0
khushali n,NORMAL,Happiness,1.23827090021222,1
khushali n,NORMAL,Sadness,5.14526970032602,0
khushali n,NORMAL,Disgust,1.64884129958227,1
khushali n,NORMAL,Anger,1.62922560004517,0
khushali n,NORMAL,Surprise,0.46854929998517,1
khushali n,NORMAL,Sadness,0.455420800019055,1
khushali n,NORMAL,Disgust,0.718301100190728,1
khushali n,NORMAL,Sadness,0.640874399803578,1
khushali n,NORMAL,Fear,5.67359380004927,0
khushali n,NORMAL,Happiness,0.65600199997425,1
khushali n,NORMAL,Disgust,5.49076439999043,0
khushali n,NORMAL,Surprise,2.78965470008552,0
swara,NORMAL,Disgust,4.18680439982563,0
swara,NORMAL,Happiness,3.95615489967167,0
swara,NORMAL,Fear,2.60197609988972,0
swara,NORMAL,Anger,4.03079689992591,1
swara,NORMAL,Anger,3.4119457998313,0
swara,NORMAL,Anger,3.70795130031183,0
swara,NORMAL,Fear,5.92200360028073,0
swara,NORMAL,Disgust,2.14450399996712,1
swara,NORMAL,Disgust,2.61197610013186,0
swara,NORMAL,Fear,0.903609300032258,0
swara,NORMAL,Happiness,2.41050680028274,1
swara,NORMAL,Surprise,1.06520560011267,1
swara,NORMAL,Surprise,0.697585099842399,1
swara,NORMAL,Sadness,0.938677200116217,1
swara,NORMAL,Sadness,1.67801940022036,1
swara,NORMAL,Anger,5.49614760000258,0
swara,NORMAL,Disgust,0.746851699892431,1
swara,NORMAL,Fear,0.874521899968385,0
swara,NORMAL,Anger,2.2287289998494,1
swara,NORMAL,Fear,1.28905460005626,0
swara,NORMAL,Disgust,1.93826389964669,1
swara,NORMAL,Surprise,1.45269399974495,1
swara,NORMAL,Happiness,0.993193399626761,1
swara,NORMAL,Disgust,2.37002440029755,0
swara,NORMAL,Happiness,0.380610399879515,1
swara,NORMAL,Surprise,0.894059000071138,1
swara,NORMAL,Sadness,5.53714899998158,0
swara,NORMAL,Sadness,3.4941463000141,0
swara,NORMAL,Happiness,0.414883499965071,1
swara,NORMAL,Surprise,1.33034730004146,1
swara,NORMAL,Surprise,1.46090890001505,1
swara,NORMAL,Fear,1.78792120004072,0
swara,NORMAL,Sadness,2.5680132000707,0
swara,NORMAL,Surprise,2.71875389991328,1
swara,NORMAL,Sadness,3.11479019979015,1
swara,NORMAL,Happiness,0.375778700225055,1
swara,NORMAL,Disgust,2.96955889975652,1
swara,NORMAL,Anger,8.68218689970672,0
swara,NORMAL,Sadness,3.8095112000592,0
swara,NORMAL,Fear,1.07976729981601,0
swara,NORMAL,Happiness,2.2743820999749,0
swara,NORMAL,Happiness,2.44383649993687,1
swara,NORMAL,Sadness,1.57511109998449,1
swara,NORMAL,Surprise,1.13070009974762,1
swara,NORMAL,Anger,1.46568970009684,0
swara,NORMAL,Anger,3.47666449984535,0
swara,NORMAL,Fear,6.49834860023111,1
abhimanyu,NORMAL,Surprise,6.04725750023499,0
abhimanyu,NORMAL,Disgust,1.45815109973773,1
abhimanyu,NORMAL,Surprise,1.94312229985371,1
abhimanyu,NORMAL,Happiness,1.47482920018956,1
abhimanyu,NORMAL,Surprise,1.37073289975523,1
abhimanyu,NORMAL,Fear,1.51653379993513,1
abhimanyu,NORMAL,Disgust,2.55267789959907,1
abhimanyu,NORMAL,Disgust,2.4468605001457,0
abhimanyu,NORMAL,Anger,1.51592209981754,0
abhimanyu,NORMAL,Surprise,1.41101829987019,1
abhimanyu,NORMAL,Anger,2.70513820042833,0
abhimanyu,NORMAL,Anger,1.75014859996736,1
abhimanyu,NORMAL,Disgust,2.48424119967967,1
abhimanyu,NORMAL,Fear,1.63758189976215,0
abhimanyu,NORMAL,Happiness,2.33675620006397,1
abhimanyu,NORMAL,Anger,2.3200179003179,0
abhimanyu,NORMAL,Sadness,6.29618920013308,0
abhimanyu,NORMAL,Happiness,1.88119750004261,1
abhimanyu,NORMAL,Surprise,1.41236469987779,1
abhimanyu,NORMAL,Happiness,1.19943379983305,1
abhimanyu,NORMAL,Anger,1.91875709965825,1
abhimanyu,NORMAL,Sadness,1.57367339963093,0
abhimanyu,NORMAL,Anger,1.25842919992282,0
abhimanyu,NORMAL,Sadness,2.43400540016591,1
abhimanyu,NORMAL,Fear,2.75050189998,0
abhimanyu,NORMAL,Disgust,1.75907519971951,1
abhimanyu,NORMAL,Surprise,1.3784246998839,1
abhimanyu,NORMAL,Anger,1.40043079992756,1
abhimanyu,NORMAL,Anger,1.95083389990031,0
abhimanyu,NORMAL,Sadness,2.7621395997703,1
abhimanyu,NORMAL,Happiness,0.370171300135552,1
abhimanyu,NORMAL,Sadness,1.39568840013816,0
abhimanyu,NORMAL,Fear,1.88828569976612,1
abhimanyu,NORMAL,Happiness,0.696944000199437,1
abhimanyu,NORMAL,Fear,0.930573599878698,1
abhimanyu,NORMAL,Sadness,1.68635979993268,0
abhimanyu,NORMAL,Fear,3.33796690031886,0
abhimanyu,NORMAL,Happiness,0.6184264998883,1
abhimanyu,NORMAL,Disgust,7.91481010010466,1
abhimanyu,NORMAL,Fear,1.52089799987152,1
abhimanyu,NORMAL,Surprise,1.71128210006281,1
abhimanyu,NORMAL,Surprise,4.59291339991614,0
abhimanyu,NORMAL,Disgust,3.73748470004647,0
abhimanyu,NORMAL,Sadness,0.266490899957716,1
abhimanyu,NORMAL,Happiness,0.239238600246608,1
abhimanyu,NORMAL,Disgust,4.4973181001842,0
abhimanyu,NORMAL,Fear,4.68382829986512,0
abhimanyu,NORMAL,Sadness,1.73350630002096,0
kunal,ADHD,Fear,6.25073369964957,0
kunal,ADHD,Anger,3.07445479976013,0
kunal,ADHD,Anger,5.28141180006787,1
kunal,ADHD,Fear,7.40902200015261,1
kunal,ADHD,Anger,2.50859430013224,0
kunal,ADHD,Happiness,2.52322909981012,1
kunal,ADHD,Happiness,2.37007269961759,1
kunal,ADHD,Disgust,2.36364029999822,1
kunal,ADHD,Sadness,2.17005599988624,1
kunal,ADHD,Disgust,2.13982190005481,0
kunal,ADHD,Anger,4.43559559993445,1
kunal,ADHD,Surprise,3.06525060022249,1
kunal,ADHD,Happiness,0.771063100080937,1
kunal,ADHD,Sadness,2.2364109000191,1
kunal,ADHD,Happiness,3.63140409998595,1
kunal,ADHD,Disgust,2.36301659978926,1
kunal,ADHD,Sadness,8.40966419968754,1
kunal,ADHD,Anger,6.33623730018734,0
kunal,ADHD,Surprise,2.72969490010291,1
kunal,ADHD,Sadness,5.54123760014772,0
kunal,ADHD,Disgust,0.223340400028973,1
kunal,ADHD,Happiness,2.3500402001664,1
kunal,ADHD,Anger,4.37484840024262,1
kunal,ADHD,Disgust,9.3686162000522,0
kunal,ADHD,Disgust,2.61254379991441,1
kunal,ADHD,Happiness,1.15745079983025,1
kunal,ADHD,Fear,9.49007569998502,1
kunal,ADHD,Happiness,0.343292399775236,1
kunal,ADHD,Fear,3.26913390029221,1
kunal,ADHD,Surprise,7.15217759972438,0
kunal,ADHD,Anger,1.84034409979358,0
kunal,ADHD,Sadness,0.504754000343382,1
kunal,ADHD,Surprise,1.7578887999989,1
kunal,ADHD,Fear,0.551196000073105,0
kunal,ADHD,Surprise,4.62624449981376,1
kunal,ADHD,Disgust,1.1654571997933,1
kunal,ADHD,Happiness,0.595070399809628,1
kunal,ADHD,Sadness,2.55485600000247,0
kunal,ADHD,Fear,3.22635579993948,1
kunal,ADHD,Surprise,2.54975740006193,1
kunal,ADHD,Anger,4.27188379969447,0
kunal,ADHD,Sadness,0.405708599835634,1
kunal,ADHD,Disgust,0.520170399919152,1
kunal,ADHD,Fear,2.90952599979937,1
kunal,ADHD,Fear,2.29324489971622,1
kunal,ADHD,Sadness,1.47489200020208,1
pravek,ADHD,Disgust,3.82518619997426,1
pravek,ADHD,Anger,0.918845300097018,0
pravek,ADHD,Happiness,0.988464899826794,1
pravek,ADHD,Happiness,0.948180699720978,1
pravek,ADHD,Fear,3.00996949989348,1
pravek,ADHD,Anger,8.6948875002563,0
pravek,ADHD,Sadness,1.54081790009513,0
pravek,ADHD,Sadness,6.65803339984267,0
pravek,ADHD,Surprise,9.16166950017213,1
pravek,ADHD,Fear,1.45217199996113,0
pravek,ADHD,Surprise,1.26082629989832,0
pravek,ADHD,Happiness,1.22633479954674,1
pravek,ADHD,Disgust,1.91301980009302,1
pravek,ADHD,Happiness,0.454855700023472,1
pravek,ADHD,Fear,4.38800720032304,0
pravek,ADHD,Anger,0.623813000041991,0
pravek,ADHD,Anger,8.29054499976337,0
pravek,ADHD,Disgust,4.67439129995182,1
pravek,ADHD,Sadness,3.62879700027406,1
pravek,ADHD,Sadness,3.43518549995496,0
pravek,ADHD,Surprise,2.66981509979814,0
pravek,ADHD,Surprise,7.94105930021032,0
pravek,ADHD,Disgust,1.83374010026454,0
pravek,ADHD,Anger,0.358505999669432,0
pravek,ADHD,Happiness,4.94732929999008,1
pravek,ADHD,Fear,6.93993820017203,0
pravek,ADHD,Surprise,1.14122960017994,0
pravek,ADHD,Anger,0.940209199674427,1
pravek,ADHD,Sadness,3.12906539998948,1
pravek,ADHD,Fear,3.47137119993567,1
pravek,ADHD,Fear,2.86762579996138,0
pravek,ADHD,Sadness,3.817265199963,0
pravek,ADHD,Anger,2.70898939995095,1
pravek,ADHD,Fear,4.35777410026639,0
pravek,ADHD,Fear,2.37534780008718,1
pravek,ADHD,Anger,3.20054000010713,1
pravek,ADHD,Disgust,2.21335690002888,1
pravek,ADHD,Surprise,1.07992829987779,1
pravek,ADHD,Sadness,7.4605518002063,1
pravek,ADHD,Disgust,0.961407400202006,0
pravek,ADHD,Happiness,0.275408199988305,1
pravek,ADHD,Surprise,0.366064300294965,0
pravek,ADHD,Disgust,0.261554999742656,0
pravek,ADHD,Disgust,0.298843100201338,1
pravek,ADHD,Happiness,0.797298499848693,1
pravek,ADHD,Sadness,5.62361230002716,0
pravek,ADHD,Surprise,2.55362959997728,1
gunav,ADHD,Surprise,0.312285500112921,1
gunav,ADHD,Happiness,0.26791590033099,1
gunav,ADHD,Surprise,0.672673400025814,1
gunav,ADHD,Surprise,0.388014399912208,1
gunav,ADHD,Fear,1.54210129985585,0
gunav,ADHD,Anger,0.382802600041031,1
gunav,ADHD,Surprise,0.314131599850952,1
gunav,ADHD,Fear,1.3635455998592,0
gunav,ADHD,Sadness,1.03578640008345,0
gunav,ADHD,Anger,6.24856270011514,0
gunav,ADHD,Disgust,0.285389800090342,1
gunav,ADHD,Sadness,0.84404749982059,1
gunav,ADHD,Anger,2.51195639977231,0
gunav,ADHD,Surprise,0.255576200317591,1
gunav,ADHD,Happiness,2.32521839998662,1
gunav,ADHD,Surprise,2.65302570024505,0
gunav,ADHD,Surprise,1.17176000028848,1
gunav,ADHD,Disgust,9.55114889983087,0
gunav,ADHD,Sadness,1.55447239987552,1
gunav,ADHD,Disgust,0.681442600209266,1
gunav,ADHD,Fear,0.362506399862468,0
gunav,ADHD,Happiness,6.07402849989011,1
gunav,ADHD,Disgust,2.81173250032588,1
gunav,ADHD,Anger,2.14065149985253,0
gunav,ADHD,Happiness,4.37410040013492,1
gunav,ADHD,Surprise,2.33669609995558,1
gunav,ADHD,Disgust,2.43550599971786,0
gunav,ADHD,Disgust,0.695832999888807,1
gunav,ADHD,Happiness,5.65446740016341,1
gunav,ADHD,Sadness,1.49490399984642,1
gunav,ADHD,Fear,0.404782999772578,1
gunav,ADHD,Fear,1.30153749976307,0
gunav,ADHD,Disgust,1.12684139981865,1
gunav,ADHD,Happiness,1.0881670997478,1
gunav,ADHD,Anger,1.58622119994834,0
gunav,ADHD,Sadness,4.55488749966025,0
gunav,ADHD,Anger,5.99829549994319,0
gunav,ADHD,Happiness,0.245619500055909,1
gunav,ADHD,Disgust,1.03474129969254,0
gunav,ADHD,Anger,1.63952090032398,0
vihaan,ADHD,Happiness,0.46331340027973,1
vihaan,ADHD,Disgust,0.425411900039762,0
vihaan,ADHD,Anger,1.49598619993776,0
vihaan,ADHD,Anger,1.68279940029606,0
vihaan,ADHD,Anger,6.95489989966154,0
vihaan,ADHD,Anger,1.93882830021902,0
vihaan,ADHD,Happiness,0.224662899971008,1
vihaan,ADHD,Sadness,0.554394499864429,0
vihaan,ADHD,Sadness,0.511057599913328,1
vihaan,ADHD,Disgust,3.11496809963136,1
vihaan,ADHD,Disgust,3.06152059976011,0
vihaan,ADHD,Sadness,0.954566800035536,1
vihaan,ADHD,Fear,8.84747189981862,1
vihaan,ADHD,Happiness,0.22579830000177,1
vihaan,ADHD,Disgust,1.26445699995383,1
vihaan,ADHD,Surprise,7.38372180005535,1
vihaan,ADHD,Fear,5.37303859973326,1
vihaan,ADHD,Fear,1.97007029969245,0
vihaan,ADHD,Surprise,0.920189999975264,0
vihaan,ADHD,Happiness,0.291721299756318,1
vihaan,ADHD,Fear,6.24592979997396,0
vihaan,ADHD,Disgust,6.9270516000688,1
vihaan,ADHD,Anger,5.00378309981897,0
vihaan,ADHD,Anger,5.07488310011103,1
vihaan,ADHD,Disgust,0.266629999969154,0
vihaan,ADHD,Sadness,0.247513700276613,1
vihaan,ADHD,Surprise,0.582676799967885,1
vihaan,ADHD,Surprise,1.49972320022061,0
vihaan,ADHD,Fear,3.49874370032921,0
vihaan,ADHD,Happiness,0.218073700089007,1
vihaan,ADHD,Anger,9.17629239987582,0
vihaan,ADHD,Fear,1.1319813998416,1
vihaan,ADHD,Fear,4.57767440006136,1
vihaan,ADHD,Sadness,0.812837800011038,1
vihaan,ADHD,Disgust,0.281596799846738,1
vihaan,ADHD,Happiness,0.904910599812865,1
vihaan,ADHD,Sadness,5.86626579985022,1
vihaan,ADHD,Happiness,2.28094220021739,1
vihaan,ADHD,Sadness,1.64406650001183,1
SUDIKSHA,ADHD,Anger,1.47979509970173,0
SUDIKSHA,ADHD,Disgust,1.31106590013951,0
SUDIKSHA,ADHD,Disgust,2.44030839996412,1
SUDIKSHA,ADHD,Fear,3.11546040000394,0
SUDIKSHA,ADHD,Anger,5.46761490032076,1
SUDIKSHA,ADHD,Sadness,8.75824669981375,1
SUDIKSHA,ADHD,Sadness,5.58741650031879,0
SUDIKSHA,ADHD,Happiness,2.80048400023952,0
SUDIKSHA,ADHD,Fear,4.05755840009078,0
SUDIKSHA,ADHD,Happiness,2.80602250015363,0
SUDIKSHA,ADHD,Surprise,6.16123620001599,0
SUDIKSHA,ADHD,Happiness,3.16788189997896,0
SUDIKSHA,ADHD,Surprise,4.86456329980865,0
SUDIKSHA,ADHD,Surprise,3.50472850026562,1
SUDIKSHA,ADHD,Fear,4.8096735002473,1
SUDIKSHA,ADHD,Anger,9.56614789972081,0
SUDIKSHA,ADHD,Happiness,1.7969558998011,0
SUDIKSHA,ADHD,Sadness,1.27673720009624,1
SUDIKSHA,ADHD,Sadness,3.91220809984952,0
SUDIKSHA,ADHD,Surprise,8.96033050026744,1
SUDIKSHA,ADHD,Anger,6.03988569974899,1
SUDIKSHA,ADHD,Surprise,1.74137990036979,1
SUDIKSHA,ADHD,Happiness,2.0383609002456,1
SUDIKSHA,ADHD,Fear,2.14514249982312,1
SUDIKSHA,ADHD,Happiness,1.98429730022326,1
SUDIKSHA,ADHD,Sadness,3.35151489963755,1
SUDIKSHA,ADHD,Disgust,2.92407379997894,1
SUDIKSHA,ADHD,Fear,2.80946739995852,1
SUDIKSHA,ADHD,Disgust,2.44651709962636,0
SUDIKSHA,ADHD,Happiness,2.1625328999944,0
SUDIKSHA,ADHD,Surprise,4.43030729983001,0
SUDIKSHA,ADHD,Surprise,4.20267389994114,1
SUDIKSHA,ADHD,Anger,0.251275899820029,0
SUDIKSHA,ADHD,Disgust,4.23503200011327,1
SUDIKSHA,ADHD,Disgust,0.76241060020402,1
SUDIKSHA,ADHD,Sadness,2.57843540003523,1
SUDIKSHA,ADHD,Anger,1.3504079002887,0
SUDIKSHA,ADHD,Fear,3.85584429977461,1
SUDIKSHA,ADHD,Surprise,0.338651400059461,1
SUDIKSHA,ADHD,Disgust,0.816679500043392,1
SUDIKSHA,ADHD,Fear,0.682965399697423,0
SUDIKSHA,ADHD,Disgust,0.849098699633032,1
saiyam,ADHD,Sadness,0.239148499997099,1
saiyam,ADHD,Fear,0.352113500004634,0
saiyam,ADHD,Sadness,0.203796200003125,1
saiyam,ADHD,Surprise,0.240621000004466,0
saiyam,ADHD,Anger,5.86783050000667,0
saiyam,ADHD,Surprise,0.229257399987545,1
saiyam,ADHD,Anger,2.59448369999881,0
saiyam,ADHD,Anger,0.730778400000417,1
saiyam,ADHD,Surprise,0.273730999993858,0
saiyam,ADHD,Anger,0.920428400000673,0
saiyam,ADHD,Fear,0.504770100000314,0
saiyam,ADHD,Anger,1.98209849999693,0
saiyam,ADHD,Sadness,0.236025100006372,1
saiyam,ADHD,Surprise,0.243331699995906,0
saiyam,ADHD,Anger,6.3787541000056,0
saiyam,ADHD,Sadness,1.21443110000109,1
saiyam,ADHD,Surprise,0.44642889998795,1
saiyam,ADHD,Anger,0.328496600006474,1
saiyam,ADHD,Fear,0.98117519999505,0
saiyam,ADHD,Sadness,8.54117229999974,0
saiyam,ADHD,Sadness,0.32671819999814,1
saiyam,ADHD,Disgust,0.365987399985897,1
saiyam,ADHD,Disgust,0.615500700005213,1
saiyam,ADHD,Happiness,0.556378199995379,1
saiyam,ADHD,Fear,3.15975869999965,0
saiyam,ADHD,Fear,8.90448889999243,0
saiyam,ADHD,Fear,2.15667939999548,0
saiyam,ADHD,Happiness,0.318664600010379,1
saiyam,ADHD,Surprise,0.25426589998824,1
saiyam,ADHD,Happiness,0.211596799999824,1
saiyam,ADHD,Disgust,0.300120600004447,1
saiyam,ADHD,Happiness,1.0060802999942,1
saiyam,ADHD,Surprise,0.330059900006745,1
saiyam,ADHD,Disgust,0.302970799995819,1
saiyam,ADHD,Fear,0.458764700000756,0
saiyam,ADHD,Disgust,0.204942399999708,1
saiyam,ADHD,Sadness,0.905981700008851,0
saiyam,ADHD,Happiness,0.245972100005019,1
saiyam,ADHD,Anger,0.502233899998827,0
saiyam,ADHD,Happiness,0.336947300005704,1
shivay mehra 5 adhdp,ADHD,Happiness,1.74976899998728,1
shivay mehra 5 adhdp,ADHD,Anger,8.37808150006458,0
shivay mehra 5 adhdp,ADHD,Happiness,0.958363899961113,1
shivay mehra 5 adhdp,ADHD,Sadness,0.602183699957095,1
shivay mehra 5 adhdp,ADHD,Anger,1.72448940004687,1
shivay mehra 5 adhdp,ADHD,Surprise,1.61198439996223,1
shivay mehra 5 adhdp,ADHD,Fear,2.52630329993553,0
shivay mehra 5 adhdp,ADHD,Fear,1.64919190004002,0
shivay mehra 5 adhdp,ADHD,Happiness,2.59461459994781,1
shivay mehra 5 adhdp,ADHD,Fear,5.58492080005817,1
shivay mehra 5 adhdp,ADHD,Disgust,4.16726519993972,1
shivay mehra 5 adhdp,ADHD,Disgust,2.77357650001067,1
shivay mehra 5 adhdp,ADHD,Surprise,1.49933190003503,1
shivay mehra 5 adhdp,ADHD,Happiness,2.05073709995485,1
shivay mehra 5 adhdp,ADHD,Sadness,0.697221999987959,1
shivay mehra 5 adhdp,ADHD,Sadness,0.527225499972701,1
shivay mehra 5 adhdp,ADHD,Happiness,0.462289300048723,1
shivay mehra 5 adhdp,ADHD,Fear,6.12007710000034,1
shivay mehra 5 adhdp,ADHD,Surprise,0.765428200014866,1
shivay mehra 5 adhdp,ADHD,Disgust,2.26213049993384,1
shivay mehra 5 adhdp,ADHD,Disgust,4.01067399990279,0
shivay mehra 5 adhdp,ADHD,Sadness,0.524657499976456,0
shivay mehra 5 adhdp,ADHD,Anger,2.91178940003737,0
shivay mehra 5 adhdp,ADHD,Sadness,2.56235680007375,0
shivay mehra 5 adhdp,ADHD,Surprise,1.23192629998084,0
shivay mehra 5 adhdp,ADHD,Sadness,0.399630900006741,1
shivay mehra 5 adhdp,ADHD,Disgust,1.59522820007987,1
shivay mehra 5 adhdp,ADHD,Disgust,0.910908399964682,1
shivay mehra 5 adhdp,ADHD,Sadness,7.44092750002164,0
shivay mehra 5 adhdp,ADHD,Happiness,0.8259305000538,1
shivay mehra 5 adhdp,ADHD,Disgust,2.19010370003525,1
shivay mehra 5 adhdp,ADHD,Fear,0.926423999946564,0
shivay mehra 5 adhdp,ADHD,Sadness,3.57483349996618,0
shivay mehra 5 adhdp,ADHD,Anger,6.35343229991849,0
shivay mehra 5 adhdp,ADHD,Surprise,1.54907379997894,1
shivay mehra 5 adhdp,ADHD,Happiness,0.218872600002214,1
shivay mehra 5 adhdp,ADHD,Surprise,2.53492280002683,1
shivay mehra 5 adhdp,ADHD,Fear,5.54406440001912,0
shivay mehra 5 adhdp,ADHD,Fear,1.64995180000551,0
shivay mehra 5 adhdp,ADHD,Happiness,0.355423200060613,1
shivay mehra 5 adhdp,ADHD,Anger,0.566778799984604,0
shivay mehra 5 adhdp,ADHD,Anger,3.71634859999176,0
shivay mehra 5 adhdp,ADHD,Anger,1.49251440004445,1
shivay mehra 5 adhdp,ADHD,Disgust,3.4911029000068,0
shivay mehra 5 adhdp,ADHD,Surprise,0.275693000061437,0
shivay mehra 5 adhdp,ADHD,Anger,1.34651850000955,1
shivay mehra 5 adhdp,ADHD,Fear,1.31066980003379,1
darsh 50,ADHD,Happiness,1.6653525000438,1
darsh 50,ADHD,Disgust,5.51557829999364,1
darsh 50,ADHD,Fear,3.09504079993348,0
darsh 50,ADHD,Fear,1.26979679998476,0
darsh 50,ADHD,Disgust,0.288269500015303,0
darsh 50,ADHD,Fear,0.31066550000105,0
darsh 50,ADHD,Surprise,0.319623499992303,0
darsh 50,ADHD,Sadness,0.478692200034856,0
darsh 50,ADHD,Happiness,0.276390600018203,1
darsh 50,ADHD,Happiness,0.229594800039194,1
darsh 50,ADHD,Surprise,0.978890600032173,0
darsh 50,ADHD,Fear,6.22217109997291,1
darsh 50,ADHD,Fear,0.407690800027921,0
darsh 50,ADHD,Fear,3.71350540011189,0
darsh 50,ADHD,Surprise,0.43166789994575,0
darsh 50,ADHD,Sadness,2.2161053000018,1
darsh 50,ADHD,Anger,4.78271519998088,0
darsh 50,ADHD,Sadness,1.97429080004803,0
darsh 50,ADHD,Sadness,1.71065419993828,0
darsh 50,ADHD,Anger,1.12518069997895,0
darsh 50,ADHD,Surprise,2.56209129991475,1
darsh 50,ADHD,Anger,6.92713830003049,0
darsh 50,ADHD,Anger,7.4500198001042,0
darsh 50,ADHD,Disgust,2.63571890001185,1
darsh 50,ADHD,Disgust,7.2168511999771,1
darsh 50,ADHD,Happiness,0.677486400003545,1
darsh 50,ADHD,Anger,0.379964199964888,1
darsh 50,ADHD,Surprise,0.226555500063113,0
darsh 50,ADHD,Surprise,0.232760000042617,0
darsh 50,ADHD,Surprise,0.425134200020693,0
darsh 50,ADHD,Happiness,0.232692699995823,1
darsh 50,ADHD,Disgust,0.350974999950267,0
darsh 50,ADHD,Disgust,4.07506219996139,1
darsh 50,ADHD,Anger,0.370904900017194,1
darsh 50,ADHD,Anger,0.749106699950061,0
darsh 50,ADHD,Happiness,0.243727999972179,1
darsh 50,ADHD,Fear,0.876878899987787,0
darsh 50,ADHD,Sadness,0.212144499993883,1
darsh 50,ADHD,Surprise,1.25934959994629,1
darsh 50,ADHD,Sadness,0.263475900050252,1
darsh 50,ADHD,Anger,0.334303900017403,1
armaan,AUTISM,Surprise,0.420434400206431,1
armaan,AUTISM,Sadness,4.58330620010383,0
armaan,AUTISM,Anger,1.42120719980448,0
armaan,AUTISM,Happiness,8.65995709993876,1
armaan,AUTISM,Disgust,4.93271650001406,1
armaan,AUTISM,Sadness,1.64681940013542,1
armaan,AUTISM,Fear,0.70518480008468,0
armaan,AUTISM,Happiness,0.491681199986487,1
armaan,AUTISM,Sadness,0.345302500063553,1
armaan,AUTISM,Fear,3.51100259996019,0
armaan,AUTISM,Surprise,6.48828940000385,0
armaan,AUTISM,Disgust,7.72157500009052,1
armaan,AUTISM,Sadness,0.954916900023818,1
armaan,AUTISM,Fear,2.3998562998604,0
armaan,AUTISM,Sadness,6.15601269993931,1
armaan,AUTISM,Anger,6.61380880000069,1
armaan,AUTISM,Sadness,5.62357589998282,1
armaan,AUTISM,Disgust,5.62275350000709,0
armaan,AUTISM,Disgust,2.00118979997932,0
armaan,AUTISM,Surprise,3.5321641000919,1
armaan,AUTISM,Surprise,2.07343079987913,0
armaan,AUTISM,Disgust,3.37734330003149,0
armaan,AUTISM,Disgust,3.83992849988862,1
armaan,AUTISM,Happiness,0.438532799948006,1
armaan,AUTISM,Surprise,0.356525700073689,1
armaan,AUTISM,Surprise,2.58284100005403,0
armaan,AUTISM,Anger,0.245801500044763,0
armaan,AUTISM,Fear,2.89570160000585,0
armaan,AUTISM,Happiness,5.60792559990659,0
armaan,AUTISM,Anger,1.39772610017098,1
armaan,AUTISM,Happiness,2.64433409995399,1
devansh,AUTISM,Fear,0.846058299997821,0
devansh,AUTISM,Sadness,0.584295699838548,1
devansh,AUTISM,Disgust,4.79059430002234,0
devansh,AUTISM,Happiness,0.72342099994421,1
devansh,AUTISM,Sadness,5.57471240009181,1
devansh,AUTISM,Anger,0.550070500001311,1
devansh,AUTISM,Surprise,0.316197199979797,0
devansh,AUTISM,Disgust,1.41355619998648,0
devansh,AUTISM,Surprise,0.363411900121718,0
devansh,AUTISM,Happiness,9.40416659996844,1
devansh,AUTISM,Anger,0.482430199859663,0
devansh,AUTISM,Anger,3.06774129997938,0
devansh,AUTISM,Fear,4.53371900017373,0
devansh,AUTISM,Fear,9.71341990004293,1
devansh,AUTISM,Disgust,0.230561400065198,0
devansh,AUTISM,Disgust,2.83511959994211,1
devansh,AUTISM,Sadness,0.304715599864721,1
devansh,AUTISM,Anger,0.85624559991993,0
devansh,AUTISM,Happiness,0.314576599979773,1
devansh,AUTISM,Happiness,0.266160200117155,1
devansh,AUTISM,Disgust,0.256296999985352,0
devansh,AUTISM,Happiness,0.27981139998883,1
devansh,AUTISM,Anger,0.313047099858522,0
devansh,AUTISM,Disgust,1.15218500001356,1
devansh,AUTISM,Sadness,0.852042899932712,1
devansh,AUTISM,Sadness,0.420557299861684,1
devansh,AUTISM,Sadness,2.42747780005447,1
devansh,AUTISM,Happiness,0.39616909995675,1
devansh,AUTISM,Fear,6.88997140014544,0
devansh,AUTISM,Disgust,2.24152779998257,0
devansh,AUTISM,Sadness,0.27805049996823,1
devansh,AUTISM,Surprise,5.77979419985786,1
devansh,AUTISM,Anger,5.47439020010642,1
devansh,AUTISM,Happiness,0.298223100136965,1
devansh,AUTISM,Fear,8.70098169986158,0
devansh,AUTISM,Happiness,0.275997499935328,1
devansh,AUTISM,Sadness,0.420103500131517,1
rugved,AUTISM,Sadness,0.414667400065809,1
rugved,AUTISM,Anger,2.00012540002353,1
rugved,AUTISM,Sadness,8.15954530006274,1
rugved,AUTISM,Sadness,0.348531099967658,1
rugved,AUTISM,Disgust,3.45916320011019,1
rugved,AUTISM,Surprise,1.74107089987955,0
rugved,AUTISM,Sadness,4.15358980000019,1
rugved,AUTISM,Anger,4.36838879995048,1
rugved,AUTISM,Happiness,2.4248399999924,1
rugved,AUTISM,Happiness,3.02416909998282,1
rugved,AUTISM,Fear,0.393534899922087,0
rugved,AUTISM,Surprise,1.55814830004237,1
rugved,AUTISM,Surprise,0.216789999976754,0
rugved,AUTISM,Anger,0.885456700110808,0
rugved,AUTISM,Fear,0.227093599969521,0
rugved,AUTISM,Anger,7.18321619997732,1
rugved,AUTISM,Happiness,0.315086800139397,1
rugved,AUTISM,Happiness,1.08853089995682,0
rugved,AUTISM,Surprise,1.86888119997456,1
rugved,AUTISM,Disgust,2.97820260003209,0
rugved,AUTISM,Surprise,0.477457600180059,1
rugved,AUTISM,Surprise,0.515885100001469,0
rugved,AUTISM,Disgust,0.533099600113928,1
rugved,AUTISM,Sadness,8.90619560005143,1
rugved,AUTISM,Anger,0.766987399896606,0
rugved,AUTISM,Fear,0.584426700137555,0
rugved,AUTISM,Disgust,1.48178160004317,0
rugved,AUTISM,Happiness,0.251595800044015,1
rugved,AUTISM,Disgust,1.56161929992958,1
rugved,AUTISM,Fear,2.25241330009885,1
rugved,AUTISM,Sadness,0.208052499918267,1
rugved,AUTISM,Surprise,4.27807040000334,1
rugved,AUTISM,Happiness,0.375337000004947,1
rugved,AUTISM,Happiness,0.390033700037747,1
rugved,AUTISM,Anger,2.255489599891,1
aryan 82,AUTISM,Happiness,1.48122789990156,1
aryan 82,AUTISM,Disgust,9.37764649977907,0
aryan 82,AUTISM,Anger,1.10184399969875,0
aryan 82,AUTISM,Surprise,9.66850310005247,1
aryan 82,AUTISM,Disgust,3.86489090044051,0
aryan 82,AUTISM,Anger,2.11477140011265,1
aryan 82,AUTISM,Surprise,1.84359839977696,0
aryan 82,AUTISM,Anger,3.28411650005728,1
aryan 82,AUTISM,Sadness,0.29626420000568,1
aryan 82,AUTISM,Happiness,1.32337070023641,1
aryan 82,AUTISM,Surprise,4.45334929972887,0
aryan 82,AUTISM,Happiness,0.486152599565684,1
aryan 82,AUTISM,Disgust,0.244173699989914,0
aryan 82,AUTISM,Fear,4.53732870006933,0
aryan 82,AUTISM,Happiness,0.469507999718189,1
aryan 82,AUTISM,Fear,0.396065399982035,1
aryan 82,AUTISM,Sadness,1.04188019968569,0
aryan 82,AUTISM,Surprise,0.898134500253945,0
aryan 82,AUTISM,Sadness,0.229781699832528,1
aryan 82,AUTISM,Disgust,2.01370040001347,0
aryan 82,AUTISM,Sadness,0.38264329964295,1
aryan 82,AUTISM,Surprise,3.55111570004373,0
aryan 82,AUTISM,Fear,0.867157300002872,0
aryan 82,AUTISM,Disgust,0.36791230039671,0
aryan 82,AUTISM,Sadness,4.98167190002277,1
aryan 82,AUTISM,Anger,0.253940999973565,1
aryan 82,AUTISM,Sadness,0.263848700094968,1
aryan 82,AUTISM,Surprise,1.07724480004981,0
aryan 82,AUTISM,Anger,0.225168200209736,0
aryan 82,AUTISM,Surprise,1.83482749992981,0
aryan 82,AUTISM,Sadness,0.227579299826174,1
aryan 82,AUTISM,Fear,2.74276119982823,0
aryan 82,AUTISM,Fear,3.6370045999065,1
aryan 82,AUTISM,Disgust,0.74519019993022,1
aryan 82,AUTISM,Happiness,0.227030199952423,1
aryan 82,AUTISM,Anger,0.434988500084728,0
aryan 82,AUTISM,Anger,3.58867910038679,0
aryan 82,AUTISM,Disgust,7.87076279986649,1
aryan 82,AUTISM,Fear,4.71255100006237,0
yatharth,AUTISM,Surprise,0.616404400207102,1
yatharth,AUTISM,Fear,5.01217599958181,0
yatharth,AUTISM,Sadness,2.51170949963852,1
yatharth,AUTISM,Fear,1.50624250015243,1
yatharth,AUTISM,Surprise,0.943590499926358,1
yatharth,AUTISM,Disgust,1.64393340004608,1
yatharth,AUTISM,Disgust,2.46442899992689,1
yatharth,AUTISM,Fear,2.34482510015368,1
yatharth,AUTISM,Sadness,1.68361099995672,1
yatharth,AUTISM,Disgust,5.21337080001831,1
yatharth,AUTISM,Anger,1.06341060018166,1
yatharth,AUTISM,Happiness,4.77310900017619,0
yatharth,AUTISM,Surprise,2.8881018999964,1
yatharth,AUTISM,Surprise,0.973825799766928,1
yatharth,AUTISM,Surprise,4.83965749992057,0
yatharth,AUTISM,Anger,4.02313390001654,0
yatharth,AUTISM,Sadness,3.1972090001218,0
yatharth,AUTISM,Fear,5.04416479961946,0
yatharth,AUTISM,Happiness,0.819067799951881,1
yatharth,AUTISM,Sadness,0.745087299961596,1
yatharth,AUTISM,Fear,4.82512769987806,0
yatharth,AUTISM,Sadness,2.73884189967066,1
yatharth,AUTISM,Fear,4.11789080034941,0
yatharth,AUTISM,Anger,3.74367830017581,0
yatharth,AUTISM,Disgust,1.20053180027753,0
yatharth,AUTISM,Fear,1.02395590022206,0
yatharth,AUTISM,Disgust,0.304615600034594,1
yatharth,AUTISM,Happiness,0.343916400335729,1
yatharth,AUTISM,Surprise,0.512855399865657,1
yatharth,AUTISM,Anger,0.890222899615764,0
yatharth,AUTISM,Happiness,0.20431869989261,1
yatharth,AUTISM,Anger,1.89074030006304,0
yatharth,AUTISM,Happiness,0.322535700164735,1
yatharth,AUTISM,Fear,0.564100000075995,0
yatharth,AUTISM,Surprise,2.28380700014531,0
yatharth,AUTISM,Anger,8.62309030024334,0
yatharth,AUTISM,Anger,1.19790050014853,1
yatharth,AUTISM,Anger,4.09400629997253,0
yatharth,AUTISM,Sadness,0.932893100194633,1
yatharth,AUTISM,Sadness,8.17931060027331,0
yatharth,AUTISM,Happiness,4.62173090036958,0
shivansh,AUTISM,Surprise,4.03037390019744,1
shivansh,AUTISM,Anger,3.91198100009933,0
shivansh,AUTISM,Disgust,2.06856240006163,0
shivansh,AUTISM,Surprise,2.28088979981839,0
shivansh,AUTISM,Sadness,0.412383500020951,1
shivansh,AUTISM,Sadness,7.02536450000479,1
shivansh,AUTISM,Disgust,8.21486889990046,1
shivansh,AUTISM,Anger,4.81993000023067,0
shivansh,AUTISM,Disgust,6.2819906999357,0
shivansh,AUTISM,Fear,0.711459799669683,0
shivansh,AUTISM,Sadness,3.55602259980514,0
shivansh,AUTISM,Happiness,8.70602019969374,0
shivansh,AUTISM,Anger,2.31351590016856,0
shivansh,AUTISM,Happiness,1.30709230015054,1
shivansh,AUTISM,Anger,6.54759930027648,0
shivansh,AUTISM,Surprise,2.90162329981103,1
shivansh,AUTISM,Surprise,4.2988479998894,1
shivansh,AUTISM,Disgust,1.41950129996985,1
shivansh,AUTISM,Sadness,0.94023389974609,1
shivansh,AUTISM,Happiness,4.02268499974161,0
shivansh,AUTISM,Anger,2.9530560998246,1
shivansh,AUTISM,Happiness,0.914576400071382,1
shivansh,AUTISM,Disgust,0.966372000053525,0
shivansh,AUTISM,Sadness,0.479943099897354,1
shivansh,AUTISM,Sadness,4.15362880006432,0
shivansh,AUTISM,Fear,1.14362480025738,0
shivansh,AUTISM,Fear,1.80415750015527,0
shivansh,AUTISM,Sadness,4.02333489991724,1
shivansh,AUTISM,Disgust,4.86296669999137,0
shivansh,AUTISM,Fear,1.25075299991294,0
shivansh,AUTISM,Surprise,3.46022800030186,1
shivansh,AUTISM,Fear,2.0155811002478,0
shivansh,AUTISM,Happiness,0.900494700297713,1
shivansh,AUTISM,Anger,0.921860300004482,0
shivansh,AUTISM,Happiness,0.628299300093203,1
shivansh,AUTISM,Happiness,6.00298680039122,1
heyan,AUTISM,Happiness,4.16780210006982,1
heyan,AUTISM,Sadness,3.94099960010498,1
heyan,AUTISM,Happiness,8.48728090012446,0
heyan,AUTISM,Fear,9.44385779974982,0
heyan,AUTISM,Sadness,2.81943510007113,1
heyan,AUTISM,Disgust,2.15862669982016,0
heyan,AUTISM,Fear,6.14624819997698,0
heyan,AUTISM,Happiness,4.81525449967011,1
heyan,AUTISM,Sadness,3.67154130013659,0
heyan,AUTISM,Sadness,0.994619100354611,0
heyan,AUTISM,Happiness,4.49132640007883,1
heyan,AUTISM,Surprise,1.89283980010077,1
heyan,AUTISM,Surprise,2.33248479990288,1
heyan,AUTISM,Sadness,2.75867190025746,1
heyan,AUTISM,Happiness,0.972569200210273,1
heyan,AUTISM,Fear,7.77868770016357,1
heyan,AUTISM,Anger,5.66123339999467,0
heyan,AUTISM,Fear,2.69356469996273,0
heyan,AUTISM,Surprise,1.99467179970815,1
heyan,AUTISM,Surprise,2.44651030004024,0
heyan,AUTISM,Surprise,4.07899660011753,0
heyan,AUTISM,Anger,8.14117470011115,1
heyan,AUTISM,Anger,9.63906579976901,1
heyan,AUTISM,Anger,5.05874270014464,1
heyan,AUTISM,Disgust,4.7251212997362,0
heyan,AUTISM,Surprise,1.96502570016309,1
heyan,AUTISM,Happiness,0.403549599926918,1
heyan,AUTISM,Anger,5.40192470001056,0
Rudra,AUTISM,Surprise,2.4480251003988,0
Rudra,AUTISM,Disgust,0.360395599622279,0
Rudra,AUTISM,Anger,0.287566799670457,1
Rudra,AUTISM,Fear,0.926673300098627,0
Rudra,AUTISM,Happiness,0.355383499991148,1
Rudra,AUTISM,Anger,0.917905199807137,1
Rudra,AUTISM,Disgust,0.86781630013138,1
Rudra,AUTISM,Surprise,0.468552600126713,0
Rudra,AUTISM,Disgust,2.08424380002543,1
Rudra,AUTISM,Disgust,2.57427049987018,0
Rudra,AUTISM,Sadness,2.53367460006847,0
Rudra,AUTISM,Fear,1.6144419000484,1
Rudra,AUTISM,Surprise,7.08590299962088,0
Rudra,AUTISM,Surprise,3.14239150006324,1
Rudra,AUTISM,Happiness,1.0636988999322,1
Rudra,AUTISM,Fear,0.995550499763339,0
Rudra,AUTISM,Happiness,7.63583980035036,1
Rudra,AUTISM,Happiness,2.43844680022448,1
Rudra,AUTISM,Happiness,1.09187659993767,1
Rudra,AUTISM,Sadness,5.05791730014607,0
Rudra,AUTISM,Happiness,1.00300790043547,1
Rudra,AUTISM,Surprise,3.97083399957045,1
Rudra,AUTISM,Sadness,2.24600889999419,0
Rudra,AUTISM,Fear,2.11195129994303,0
Rudra,AUTISM,Fear,1.68084140028804,1
Rudra,AUTISM,Fear,2.64494520006701,0
Rudra,AUTISM,Fear,1.67389489989727,1
Rudra,AUTISM,Anger,1.82632060023024,1
Rudra,AUTISM,Sadness,2.64837039960548,1
Rudra,AUTISM,Anger,0.702509199734777,1
Rudra,AUTISM,Surprise,1.7590356003493,0
Rudra,AUTISM,Anger,1.67651150003075,1
Rudra,AUTISM,Disgust,3.15416629984974,1
Rudra,AUTISM,Sadness,1.15695830015465,1
Rudra,AUTISM,Anger,4.37081409990787,0
Rudra,AUTISM,Happiness,0.49955780012533,1
Rudra,AUTISM,Fear,1.73099299985915,0
Rudra,AUTISM,Happiness,0.530183899682015,1
Rudra,AUTISM,Anger,8.26242939988151,0
Rudra,AUTISM,Sadness,1.07777399988845,0
Rudra,AUTISM,Sadness,6.87848359998315,1
Rudra,AUTISM,Anger,2.66346359997987,1
Rudra,AUTISM,Surprise,6.208682899829,1
Rudra,AUTISM,Disgust,6.19848870020359,0
Rudra,AUTISM,Surprise,1.59556859964504,1
Rudra,AUTISM,Disgust,1.6890933997929,1
rakesh 82,AUTISM,Disgust,4.26734540006145,0
rakesh 82,AUTISM,Disgust,3.97709579998627,1
rakesh 82,AUTISM,Disgust,3.41098969988524,1
rakesh 82,AUTISM,Happiness,3.58408410008996,1
rakesh 82,AUTISM,Fear,9.18263129983097,1
rakesh 82,AUTISM,Sadness,3.91089169960469,1
rakesh 82,AUTISM,Happiness,1.72255600010976,1
rakesh 82,AUTISM,Sadness,0.29682350018993,1
rakesh 82,AUTISM,Fear,1.53177009988576,0
rakesh 82,AUTISM,Anger,0.928792099934071,0
rakesh 82,AUTISM,Surprise,2.07363069988787,1
rakesh 82,AUTISM,Anger,9.46645520022139,1
rakesh 82,AUTISM,Anger,1.72885690024122,0
rakesh 82,AUTISM,Fear,2.47233220003545,0
rakesh 82,AUTISM,Surprise,1.33697690023109,0
rakesh 82,AUTISM,Fear,3.26211869996041,0
rakesh 82,AUTISM,Anger,1.05117589980363,0
rakesh 82,AUTISM,Happiness,3.81692710006609,0
rakesh 82,AUTISM,Anger,2.30738360015675,0
rakesh 82,AUTISM,Anger,2.82628339994698,0
rakesh 82,AUTISM,Sadness,8.30099130002781,1
rakesh 82,AUTISM,Fear,1.2080999999307,0
rakesh 82,AUTISM,Sadness,5.84724680008366,1
rakesh 82,AUTISM,Disgust,1.54641290009021,1
rakesh 82,AUTISM,Anger,2.20744460029527,0
rakesh 82,AUTISM,Surprise,1.88400750001892,1
rakesh 82,AUTISM,Surprise,4.9094795002602,1
rakesh 82,AUTISM,Disgust,2.6194768003188,0
rakesh 82,AUTISM,Anger,2.74095560004934,1
rakesh 82,AUTISM,Surprise,0.788761700037866,1
rakesh 82,AUTISM,Surprise,3.67101010028272,0
rakesh 82,AUTISM,Sadness,5.69941030023619,0
rakesh 82,AUTISM,Fear,1.93139719963073,0
rakesh 82,AUTISM,Surprise,6.37182209966704,0
rakesh 82,AUTISM,Sadness,4.02683999994769,1
rakesh 82,AUTISM,Fear,8.36859889980405,0
rakesh 82,AUTISM,Disgust,9.21392749994993,0
manit 82,AUTISM,Disgust,3.98217639978975,1
manit 82,AUTISM,Fear,6.4571747998707,0
manit 82,AUTISM,Surprise,2.64577429974451,1
manit 82,AUTISM,Fear,5.69106209976598,0
manit 82,AUTISM,Disgust,1.43020279984921,1
manit 82,AUTISM,Happiness,0.84440439986065,1
manit 82,AUTISM,Happiness,1.10809209989383,1
manit 82,AUTISM,Disgust,5.24872019980102,1
manit 82,AUTISM,Surprise,1.23109659971669,1
manit 82,AUTISM,Sadness,3.88002720009535,0
manit 82,AUTISM,Happiness,1.0370116000995,0
manit 82,AUTISM,Fear,0.766889299731701,0
manit 82,AUTISM,Sadness,1.13417960004881,1
manit 82,AUTISM,Anger,0.412689599674195,1
manit 82,AUTISM,Happiness,2.34181860042735,0
manit 82,AUTISM,Fear,3.4187342999503,0
manit 82,AUTISM,Happiness,7.39709700038656,0
manit 82,AUTISM,Sadness,0.665603199973702,1
manit 82,AUTISM,Disgust,1.7815688997507,0
manit 82,AUTISM,Disgust,1.78284090012311,1
manit 82,AUTISM,Sadness,9.8261647997424,1
manit 82,AUTISM,Disgust,1.67790300026535,0
manit 82,AUTISM,Surprise,4.43595770001411,1
manit 82,AUTISM,Disgust,1.16517539974302,0
manit 82,AUTISM,Sadness,3.26300610043108,0
manit 82,AUTISM,Surprise,1.06003239983692,1
manit 82,AUTISM,Anger,5.173969599884,0
manit 82,AUTISM,Anger,1.46999120013788,1
manit 82,AUTISM,Happiness,1.8793834997341,0
manit 82,AUTISM,Fear,2.41449420014396,0
manit 82,AUTISM,Anger,4.45643249992281,0
manit 82,AUTISM,Sadness,8.50759379984811,1
manit 82,AUTISM,Sadness,1.79816209990531,1
manit 82,AUTISM,Anger,1.86054660007357,0
manit 82,AUTISM,Anger,5.6850437996909,0
manit 82,AUTISM,Surprise,4.14865669980645,1
manit 82,AUTISM,Surprise,1.39032839983701,1
manit 82,AUTISM,Surprise,4.19855089997872,0
manit 82,AUTISM,Sadness,4.61484650010243,0
manit 82,AUTISM,Fear,3.97069349978119,0
deyansh5,AUTISM,Disgust,1.47709689999464,0
deyansh5,AUTISM,Fear,2.26206050009932,0
deyansh5,AUTISM,Surprise,1.89362630003597,0
deyansh5,AUTISM,Surprise,3.51907319994643,1
deyansh5,AUTISM,Fear,1.11471410002559,0
deyansh5,AUTISM,Disgust,1.65199300006497,1
deyansh5,AUTISM,Anger,5.89697709993924,0
deyansh5,AUTISM,Happiness,3.67988089995924,0
deyansh5,AUTISM,Happiness,2.03227229998447,1
deyansh5,AUTISM,Disgust,1.61170489992946,1
deyansh5,AUTISM,Disgust,1.74432840000372,1
deyansh5,AUTISM,Disgust,4.91098099993541,1
deyansh5,AUTISM,Anger,3.49997390003409,1
deyansh5,AUTISM,Surprise,1.05968679999932,1
deyansh5,AUTISM,Sadness,1.74959020002279,0
deyansh5,AUTISM,Sadness,9.01369759999215,0
deyansh5,AUTISM,Anger,3.51606059994082,0
deyansh5,AUTISM,Disgust,8.17445280007086,0
deyansh5,AUTISM,Disgust,4.01830349990632,1
deyansh5,AUTISM,Disgust,4.905503799906,0
deyansh5,AUTISM,Sadness,1.50191289989743,1
deyansh5,AUTISM,Fear,5.1240123999305,1
deyansh5,AUTISM,Sadness,5.1471092000138,1
deyansh5,AUTISM,Happiness,1.46759040001779,1
deyansh5,AUTISM,Anger,1.06261590006761,0
deyansh5,AUTISM,Fear,3.03241469990462,0
deyansh5,AUTISM,Happiness,6.35354799998458,0
deyansh5,AUTISM,Surprise,3.20570030005183,1
deyansh5,AUTISM,Happiness,1.6216940000886,1
deyansh5,AUTISM,Fear,3.17675300000701,0
deyansh5,AUTISM,Surprise,4.13092800008598,1
deyansh5,AUTISM,Sadness,9.08421469992026,1
deyansh5,AUTISM,Happiness,4.91211379994638,1
deyansh5,AUTISM,Fear,3.71711610001511,0
deyansh5,AUTISM,Surprise,2.53137189999688,0
deyansh5,AUTISM,Surprise,4.62870440003462,1
deyansh5,AUTISM,Anger,5.7074069000082,0
deyansh5,AUTISM,Fear,3.11279579997062,1
shivaank,AUTISM,Happiness,2.3227219999535,1
shivaank,AUTISM,Happiness,1.20677220006473,1
shivaank,AUTISM,Surprise,0.436817900044843,0
shivaank,AUTISM,Disgust,2.4455658000661,1
shivaank,AUTISM,Disgust,3.65055729995947,0
shivaank,AUTISM,Fear,4.15130539995152,1
shivaank,AUTISM,Fear,0.282778699998743,1
shivaank,AUTISM,Fear,4.36490469996351,0
shivaank,AUTISM,Disgust,2.48753220005892,0
shivaank,AUTISM,Disgust,0.876318299910053,0
shivaank,AUTISM,Anger,2.78732920007314,0
shivaank,AUTISM,Happiness,0.767855099984444,1
shivaank,AUTISM,Sadness,0.402020899928174,0
shivaank,AUTISM,Sadness,2.12056740000844,0
shivaank,AUTISM,Sadness,6.00573610002175,1
shivaank,AUTISM,Disgust,2.09037630003877,0
shivaank,AUTISM,Anger,1.85104910004884,0
shivaank,AUTISM,Fear,3.58006079995539,1
shivaank,AUTISM,Surprise,0.513283999986015,0
shivaank,AUTISM,Happiness,7.11917660001199,1
shivaank,AUTISM,Disgust,1.75123589998111,1
shivaank,AUTISM,Anger,1.31155670003499,1
shivaank,AUTISM,Surprise,0.580343200010247,0
shivaank,AUTISM,Disgust,6.15064180002082,0
shivaank,AUTISM,Fear,2.72661000001244,1
shivaank,AUTISM,Anger,6.17788029997609,0
shivaank,AUTISM,Happiness,0.365164699964225,1
shivaank,AUTISM,Surprise,0.72297810006421,0
shivaank,AUTISM,Anger,3.95841580000706,1
shivaank,AUTISM,Sadness,2.3551020999439,1
shivaank,AUTISM,Happiness,1.61288949998561,1
shivaank,AUTISM,Happiness,0.25138439994771,1
shivaank,AUTISM,Surprise,0.727411699946969,0
shivaank,AUTISM,Fear,0.207147100009024,1
shivaank,AUTISM,Happiness,0.26086039992515,1
shivaank,AUTISM,Fear,1.87404870009049,0
shivaank,AUTISM,Sadness,2.58133219997398,1
shivaank,AUTISM,Anger,1.60440539999399,1
shivaank,AUTISM,Sadness,1.4016540000448,1
shivaank,AUTISM,Sadness,4.99205229990184,0
shivaank,AUTISM,Sadness,1.40973690000828,0
shivaank,AUTISM,Surprise,1.16571939992718,0
shivaank,AUTISM,Anger,7.70109479990787,1
shivansh 50 asd,AUTISM,Disgust,9.24910249991808,0
shivansh 50 asd,AUTISM,Fear,2.41125239990651,0
shivansh 50 asd,AUTISM,Fear,5.08799809997435,0
shivansh 50 asd,AUTISM,Surprise,2.82823590002954,1
shivansh 50 asd,AUTISM,Fear,2.75592889997642,1
shivansh 50 asd,AUTISM,Sadness,2.62555440003052,1
shivansh 50 asd,AUTISM,Anger,7.76496369997039,1
shivansh 50 asd,AUTISM,Disgust,4.33869640005286,0
shivansh 50 asd,AUTISM,Surprise,4.92357079999055,0
shivansh 50 asd,AUTISM,Anger,4.22073059994727,0
shivansh 50 asd,AUTISM,Anger,6.45831030001863,0
shivansh 50 asd,AUTISM,Disgust,0.891202899976633,0
shivansh 50 asd,AUTISM,Surprise,1.47421440004836,0
shivansh 50 asd,AUTISM,Sadness,2.0421275999397,1
shivansh 50 asd,AUTISM,Sadness,5.61812370002735,1
shivansh 50 asd,AUTISM,Surprise,3.73972459998913,0
shivansh 50 asd,AUTISM,Happiness,4.40337569999974,1
shivansh 50 asd,AUTISM,Happiness,1.20001740008592,0
shivansh 50 asd,AUTISM,Disgust,3.23649229994043,1
shivansh 50 asd,AUTISM,Disgust,1.71948579989839,0
shivansh 50 asd,AUTISM,Sadness,4.54222120007034,0
shivansh 50 asd,AUTISM,Surprise,4.18369859992526,1
shivansh 50 asd,AUTISM,Disgust,1.95719390001613,0
shivansh 50 asd,AUTISM,Sadness,3.06141259998548,1
shivansh 50 asd,AUTISM,Happiness,2.50689119996968,1
shivansh 50 asd,AUTISM,Anger,3.66489969997201,1
shivansh 50 asd,AUTISM,Anger,3.32745169999543,0
shivansh 50 asd,AUTISM,Anger,1.55637769994791,0
shivansh 50 asd,AUTISM,Happiness,1.09865580010227,1
shivansh 50 asd,AUTISM,Anger,1.7143311999971,0
shivansh 50 asd,AUTISM,Happiness,2.6540203000186,1
shivansh 50 asd,AUTISM,Surprise,0.828161600045859,0
shivansh 50 asd,AUTISM,Happiness,0.693403200013563,1
shivansh 50 asd,AUTISM,Fear,1.20752429997082,0
shivansh 50 asd,AUTISM,Happiness,2.69669609994161,0
shivansh 50 asd,AUTISM,Fear,2.3230166999856,0
shivansh 50 asd,AUTISM,Sadness,1.159318500082,1
shivansh 50 asd,AUTISM,Fear,2.72853429999668,0
shivansh 50 asd,AUTISM,Sadness,4.90012150001712,1
shivansh 50 asd,AUTISM,Happiness,0.400811700033955,1
shivansh 50 asd,AUTISM,Fear,1.64492860005702,1
shivansh 50 asd,AUTISM,Surprise,5.79485409997869,0
shivansh 50 asd,AUTISM,Disgust,1.91771579999476,0
shivansh 50 asd,AUTISM,Disgust,2.70152979996055,1
shivansh 50 asd,AUTISM,Surprise,1.99842560000251,0
sadhika,AUTISM,Fear,1.3979229000397,0
sadhika,AUTISM,Fear,1.25447639985941,0
sadhika,AUTISM,Surprise,0.54830879997462,1
sadhika,AUTISM,Happiness,0.320545500144362,1
sadhika,AUTISM,Fear,3.85014889994636,0
sadhika,AUTISM,Fear,3.85643159993924,0
sadhika,AUTISM,Disgust,0.542920799925923,0
sadhika,AUTISM,Happiness,0.405185399809852,1
sadhika,AUTISM,Happiness,0.293632900109514,1
sadhika,AUTISM,Disgust,0.680306500056758,0
sadhika,AUTISM,Surprise,0.216883100103586,1
sadhika,AUTISM,Happiness,0.205011500045657,1
sadhika,AUTISM,Sadness,0.372927400050684,1
sadhika,AUTISM,Fear,1.07452629995532,0
sadhika,AUTISM,Disgust,6.84625849989242,1
sadhika,AUTISM,Sadness,0.573419099906459,1
sadhika,AUTISM,Anger,1.14993969979695,0
sadhika,AUTISM,Happiness,0.397555500036105,1
sadhika,AUTISM,Happiness,0.339595600031316,1
sadhika,AUTISM,Anger,2.07207569992169,1
sadhika,AUTISM,Anger,2.94808270013891,0
sadhika,AUTISM,Anger,9.28312709997408,1
sadhika,AUTISM,Surprise,0.706196499988436,0
sadhika,AUTISM,Surprise,3.47705119987949,1
sadhika,AUTISM,Disgust,8.98300700006075,0
sadhika,AUTISM,Sadness,0.643030900042504,1
sadhika,AUTISM,Sadness,1.84435619995929,1
sadhika,AUTISM,Surprise,0.326794699998572,1
sadhika,AUTISM,Surprise,0.61085579986684,1
sadhika,AUTISM,Surprise,4.03172309999354,1
sadhika,AUTISM,Disgust,7.19722720002755,0
sadhika,AUTISM,Happiness,0.250642200000584,1
sadhika,AUTISM,Fear,0.910907000070437,0
sadhika,AUTISM,Disgust,4.6304762000218,0
sadhika,AUTISM,Sadness,3.09386610006913,1
sadhika,AUTISM,Sadness,0.275419400073587,1
sadhika,AUTISM,Fear,0.237942399922758,0
sadhika,AUTISM,Anger,0.835120199946686,1
sadhika,AUTISM,Surprise,7.16772459982894,1
sadhika,AUTISM,Happiness,0.231776600005105,1
sadhika,AUTISM,Fear,0.356450799852609,0
sadhika,AUTISM,Disgust,9.27999070007354,0
sadhika,AUTISM,Disgust,2.54457670007832,0
harshit,ADHD,Fear,1.60828380007296,0
harshit,ADHD,Anger,2.38689270010218,1
harshit,ADHD,Surprise,1.42332050018012,1
harshit,ADHD,Anger,5.43750889995135,0
harshit,ADHD,Fear,1.02792310016229,0
harshit,ADHD,Anger,0.370822000084444,0
harshit,ADHD,Disgust,0.434807300101965,0
harshit,ADHD,Fear,1.5383584999945,0
harshit,ADHD,Surprise,0.863535199780017,1
harshit,ADHD,Disgust,0.73557210015133,1
harshit,ADHD,Anger,8.17919800011441,0
harshit,ADHD,Anger,0.330462699988856,0
harshit,ADHD,Sadness,0.490310600027442,1
harshit,ADHD,Disgust,0.471436299849301,1
harshit,ADHD,Disgust,3.18360820016823,1
harshit,ADHD,Disgust,4.43161300010979,0
harshit,ADHD,Fear,0.23841689992696,0
harshit,ADHD,Surprise,0.594289500033482,1
harshit,ADHD,Fear,0.339436900103464,0
harshit,ADHD,Sadness,0.987021399894729,1
harshit,ADHD,Disgust,1.22049560002051,1
harshit,ADHD,Happiness,1.84555760002695,1
harshit,ADHD,Happiness,0.785835199989378,1
harshit,ADHD,Happiness,0.239536099834367,1
harshit,ADHD,Happiness,0.206832399824634,1
harshit,ADHD,Fear,4.7655288001988,0
harshit,ADHD,Happiness,0.438722500111907,1
harshit,ADHD,Sadness,1.56064909999258,1
harshit,ADHD,Sadness,3.07918000011704,1
harshit,ADHD,Fear,1.20452769985422,0
harshit,ADHD,Anger,7.57612770004197,0
harshit,ADHD,Fear,7.48693659994751,0
harshit,ADHD,Surprise,0.473091699881479,1
harshit,ADHD,Disgust,3.38594650011509,1
harshit,ADHD,Anger,0.865996999898925,1
harshit,ADHD,Sadness,1.26880479999817,1
harshit,ADHD,Surprise,0.486845199950039,1
harshit,ADHD,Surprise,0.277393299853429,1
harshit,ADHD,Anger,0.208046999992802,1
harshit,ADHD,Happiness,1.19596799998544,1
harshit,ADHD,Disgust,0.459106999915093,0
harshit,ADHD,Sadness,3.36564989993348,1
harshit,ADHD,Surprise,1.52026709984056,0
harshit,ADHD,Sadness,0.497708900133147,1
yuvaan ,AUTISM,Sadness,2.55222419998608,1
yuvaan ,AUTISM,Happiness,0.886481099994853,1
yuvaan ,AUTISM,Sadness,2.68696449999697,0
yuvaan ,AUTISM,Happiness,0.342477799858897,1
yuvaan ,AUTISM,Sadness,0.242347199935466,1
yuvaan ,AUTISM,Fear,1.14117459999397,0
yuvaan ,AUTISM,Surprise,7.35117789986543,0
yuvaan ,AUTISM,Fear,3.87209569988772,0
yuvaan ,AUTISM,Anger,3.2591236999724,0
yuvaan ,AUTISM,Sadness,3.05328550003469,1
yuvaan ,AUTISM,Anger,0.528947700047865,0
yuvaan ,AUTISM,Disgust,9.05152310011908,0
yuvaan ,AUTISM,Disgust,8.52254209993407,0
yuvaan ,AUTISM,Surprise,2.01976359984837,1
yuvaan ,AUTISM,Fear,4.59211639990098,0
yuvaan ,AUTISM,Surprise,6.04772559995763,0
yuvaan ,AUTISM,Happiness,0.340778600191697,1
yuvaan ,AUTISM,Fear,1.23338879994116,0
yuvaan ,AUTISM,Disgust,0.238414600025862,0
yuvaan ,AUTISM,Surprise,5.5660881998483,1
yuvaan ,AUTISM,Surprise,9.02604689984582,0
yuvaan ,AUTISM,Anger,0.282456800108775,0
yuvaan ,AUTISM,Anger,0.376494700089097,0
yuvaan ,AUTISM,Anger,5.71234220010228,1
yuvaan ,AUTISM,Sadness,8.66305219987407,1
yuvaan ,AUTISM,Happiness,0.575590400025248,1
yuvaan ,AUTISM,Fear,0.274213600205257,0
yuvaan ,AUTISM,Anger,0.311133800074458,0
yuvaan ,AUTISM,Fear,8.93692329991608,0
yuvaan ,AUTISM,Fear,1.16907689999789,0
yuvaan ,AUTISM,Disgust,3.53008880000561,0
yuvaan ,AUTISM,Happiness,0.650864300085231,1
yuvaan ,AUTISM,Happiness,0.715317099820822,1
yuvaan ,AUTISM,Happiness,0.334571599960327,1
yuvaan ,AUTISM,Surprise,3.14619880006648,0
yuvaan ,AUTISM,Surprise,0.450839799828827,0
yuvaan ,AUTISM,Surprise,2.28410229994915,1
yuvaan ,AUTISM,Happiness,0.25625089998357,1
shivaank ,AUTISM,Happiness,6.35020360001362,0
shivaank ,AUTISM,Surprise,2.02028280007652,1
shivaank ,AUTISM,Disgust,2.11548139993101,1
shivaank ,AUTISM,Sadness,2.80588579992763,1
shivaank ,AUTISM,Fear,2.46149530005641,0
shivaank ,AUTISM,Sadness,2.15878629987128,1
shivaank ,AUTISM,Happiness,0.993517299881205,1
shivaank ,AUTISM,Happiness,0.284095699898898,1
shivaank ,AUTISM,Anger,1.95462620002217,0
shivaank ,AUTISM,Disgust,6.65330389980226,0
shivaank ,AUTISM,Anger,2.08178750006482,0
shivaank ,AUTISM,Surprise,4.33512319996953,0
shivaank ,AUTISM,Surprise,3.2556445999071,1
shivaank ,AUTISM,Happiness,0.880285199964419,1
shivaank ,AUTISM,Fear,5.15537040005438,1
shivaank ,AUTISM,Happiness,1.04999259999021,1
shivaank ,AUTISM,Sadness,1.47152419993653,1
shivaank ,AUTISM,Happiness,2.10598629992455,1
shivaank ,AUTISM,Fear,7.36901649995707,0
shivaank ,AUTISM,Disgust,4.2793655002024,0
shivaank ,AUTISM,Fear,1.45765009988099,0
shivaank ,AUTISM,Sadness,0.343724299920722,1
shivaank ,AUTISM,Fear,3.94075569999404,0
shivaank ,AUTISM,Disgust,9.11142740002833,0
shivaank ,AUTISM,Fear,1.83446080004796,1
shivaank ,AUTISM,Fear,6.93715179990977,1
shivaank ,AUTISM,Anger,1.5363465999253,1
shivaank ,AUTISM,Sadness,4.65305939991958,1
shivaank ,AUTISM,Disgust,8.09250020002946,1
shivaank ,AUTISM,Disgust,6.67903780005872,0
shivaank ,AUTISM,Sadness,2.05627439985983,1
shivaank ,AUTISM,Fear,0.937768399948254,1
shivaank ,AUTISM,Happiness,0.274256499949842,1
shivaank ,AUTISM,Surprise,4.04474519984796,0
shivaank ,AUTISM,Disgust,1.00911729992367,0
shivaank ,AUTISM,Anger,4.27040539984591,0
shivaank ,AUTISM,Surprise,0.996382200159132,1
shivaank ,AUTISM,Surprise,0.264059500070288,1
shivaank ,AUTISM,Anger,3.85773220006376,0
shivaank ,AUTISM,Sadness,1.76182730006985,0
shivaank ,AUTISM,Surprise,2.25074380007572,0
siddharth,AUTISM,Surprise,6.17902180016972,1
siddharth,AUTISM,Disgust,6.26101080002263,1
siddharth,AUTISM,Happiness,9.38761640014126,1
siddharth,AUTISM,Disgust,3.69012109981849,0
siddharth,AUTISM,Fear,3.40678790002129,0
siddharth,AUTISM,Disgust,5.76483140001073,1
siddharth,AUTISM,Happiness,2.10797389992512,1
siddharth,AUTISM,Surprise,2.17333559994585,1
siddharth,AUTISM,Fear,2.48635030002333,0
siddharth,AUTISM,Disgust,4.78291799989528,0
siddharth,AUTISM,Surprise,3.41433349996805,1
siddharth,AUTISM,Surprise,3.5997760000173,1
siddharth,AUTISM,Sadness,1.82573110004886,1
siddharth,AUTISM,Happiness,1.37271220004186,1
siddharth,AUTISM,Fear,4.96660599997267,0
siddharth,AUTISM,Anger,1.87762039992958,0
siddharth,AUTISM,Disgust,1.29994020005688,0
siddharth,AUTISM,Happiness,7.60984439984895,1
siddharth,AUTISM,Fear,4.86925490014255,0
siddharth,AUTISM,Disgust,4.26574259996414,1
siddharth,AUTISM,Sadness,0.840640499955043,1
siddharth,AUTISM,Anger,1.8894011999946,1
siddharth,AUTISM,Disgust,1.17726979986764,0
siddharth,AUTISM,Fear,5.99694099999032,1
siddharth,AUTISM,Surprise,0.728642799891531,1
siddharth,AUTISM,Surprise,1.11076429998502,1
siddharth,AUTISM,Sadness,1.13590009999461,1
siddharth,AUTISM,Anger,7.00897919991985,0
siddharth,AUTISM,Happiness,1.23846780019812,1
siddharth,AUTISM,Disgust,4.92811980005353,0
siddharth,AUTISM,Sadness,3.76908989995718,0
siddharth,AUTISM,Fear,0.453470700187608,0
siddharth,AUTISM,Happiness,0.213631400140002,1
siddharth,AUTISM,Anger,1.0103163998574,1
siddharth,AUTISM,Fear,3.26237570005469,1
siddharth,AUTISM,Sadness,0.269243099959567,1
vihaan adhd.,ADHD,Surprise,5.11486980004701,1
vihaan adhd.,ADHD,Surprise,3.95945690001826,1
vihaan adhd.,ADHD,Fear,2.13241630000993,0
vihaan adhd.,ADHD,Disgust,3.42546280007809,0
vihaan adhd.,ADHD,Disgust,3.55942380009219,0
vihaan adhd.,ADHD,Happiness,1.47071260004304,1
vihaan adhd.,ADHD,Fear,4.97303560003638,0
vihaan adhd.,ADHD,Disgust,1.04772370005957,0
vihaan adhd.,ADHD,Sadness,2.74423379998188,1
vihaan adhd.,ADHD,Happiness,6.01503260002937,0
vihaan adhd.,ADHD,Disgust,3.51561300002504,0
vihaan adhd.,ADHD,Fear,4.30025659990496,1
vihaan adhd.,ADHD,Anger,1.28646929992828,0
vihaan adhd.,ADHD,Sadness,4.42939710000064,1
vihaan adhd.,ADHD,Anger,6.86177660000976,0
vihaan adhd.,ADHD,Sadness,9.70484729995951,1
vihaan adhd.,ADHD,Anger,4.27766290004365,0
vihaan adhd.,ADHD,Anger,3.99230399995576,0
vihaan adhd.,ADHD,Happiness,0.261798499966971,1
vihaan adhd.,ADHD,Sadness,0.815765400067903,1
vihaan adhd.,ADHD,Surprise,3.59794830007012,0
vihaan adhd.,ADHD,Surprise,6.8095042000059,1
vihaan adhd.,ADHD,Fear,4.24227940000128,0
vihaan adhd.,ADHD,Disgust,4.80432320002,0
vihaan adhd.,ADHD,Disgust,1.76615599996875,0
vihaan adhd.,ADHD,Happiness,1.2852155000437,1
vihaan adhd.,ADHD,Happiness,3.18921940005384,0
vihaan adhd.,ADHD,Sadness,0.995978699997067,1
vihaan adhd.,ADHD,Happiness,6.85787199996411,1
vihaan adhd.,ADHD,Sadness,6.73676809994503,0
vihaan adhd.,ADHD,Anger,6.16382090002298,1
vihaan adhd.,ADHD,Fear,1.91614510002546,0
vihaan adhd.,ADHD,Disgust,2.01986849994864,1
vihaan adhd.,ADHD,Surprise,1.65604270005133,1
vihaan adhd.,ADHD,Surprise,1.5301654000068,0
vihaan adhd.,ADHD,Sadness,2.46949159994255,1
vihaan adhd.,ADHD,Anger,3.84157879999838,1
ekam,ADHD,Sadness,1.82668949989601,1
ekam,ADHD,Surprise,0.939671600004658,1
ekam,ADHD,Anger,0.93218609993346,0
ekam,ADHD,Happiness,0.437181399902328,1
ekam,ADHD,Surprise,1.39113030000589,1
ekam,ADHD,Disgust,1.72357959998771,1
ekam,ADHD,Happiness,0.455628199968487,0
ekam,ADHD,Happiness,5.95908290008083,1
ekam,ADHD,Surprise,0.448085700161755,1
ekam,ADHD,Disgust,1.22719859983772,1
ekam,ADHD,Happiness,1.55679659987799,1
ekam,ADHD,Happiness,0.576373499818146,1
ekam,ADHD,Fear,5.98809110000729,0
ekam,ADHD,Anger,9.43909409991465,1
ekam,ADHD,Fear,0.667620900087058,0
ekam,ADHD,Happiness,0.488404899835586,1
ekam,ADHD,Fear,4.3126842000056,0
ekam,ADHD,Fear,0.622112900018692,0
ekam,ADHD,Disgust,1.14508749986998,1
ekam,ADHD,Happiness,0.563613499980419,1
ekam,ADHD,Sadness,0.767237099818885,0
ekam,ADHD,Disgust,0.49722920008935,1
ekam,ADHD,Anger,0.701055300189182,0
ekam,ADHD,Fear,0.436650999821722,0
ekam,ADHD,Disgust,2.14439729996956,0
ekam,ADHD,Surprise,0.518768200185149,1
ekam,ADHD,Anger,0.639139399863779,0
ekam,ADHD,Fear,0.761902100173756,0
ekam,ADHD,Anger,0.976074999896809,1
ekam,ADHD,Anger,0.477054499788209,0
ekam,ADHD,Sadness,0.421708699781447,1
ekam,ADHD,Sadness,0.750599700026214,1
ekam,ADHD,Happiness,0.345296799903735,1
ekam,ADHD,Anger,5.49584979983046,0
ekam,ADHD,Surprise,0.605558900162577,1
ekam,ADHD,Anger,1.4719203999266,0
ekam,ADHD,Sadness,0.328194400062784,1
ekam,ADHD,Surprise,1.0690238000825,1
ekam,ADHD,Sadness,1.82156700012274,1
ekam,ADHD,Sadness,2.25027840002439,0
ekam,ADHD,Fear,3.62247910001315,0
ekam,ADHD,Fear,0.687686200020834,0
ekam,ADHD,Disgust,0.69451820012182,1
ekam,ADHD,Surprise,0.596055000089108,1
ekam,ADHD,Surprise,2.7189178999979,1
ekam,ADHD,Disgust,0.518504299921914,1
harjas,ADHD,Sadness,6.29019989981316,1
harjas,ADHD,Fear,2.31897890008986,1
harjas,ADHD,Fear,0.224895999999716,0
harjas,ADHD,Disgust,2.71221580007113,1
harjas,ADHD,Happiness,0.238544400082901,1
harjas,ADHD,Surprise,0.307154600042849,0
harjas,ADHD,Disgust,2.09065399994142,1
harjas,ADHD,Fear,3.55106879980303,0
harjas,ADHD,Surprise,0.202657199930399,0
harjas,ADHD,Surprise,4.10020099999383,0
harjas,ADHD,Surprise,0.838863299926742,0
harjas,ADHD,Sadness,8.68575579999014,0
harjas,ADHD,Anger,4.92755740019492,1
harjas,ADHD,Sadness,2.68853189982473,1
harjas,ADHD,Sadness,3.7832518001087,0
harjas,ADHD,Fear,3.53197990008629,0
harjas,ADHD,Happiness,0.412749900016933,1
harjas,ADHD,Sadness,0.614500500028953,1
harjas,ADHD,Fear,3.51450569997541,0
harjas,ADHD,Happiness,0.507394199958071,1
harjas,ADHD,Anger,3.78944480000063,1
harjas,ADHD,Disgust,0.383563900133594,0
harjas,ADHD,Happiness,0.228291900129988,1
harjas,ADHD,Disgust,0.412375799845904,0
harjas,ADHD,Disgust,0.658743999898433,0
harjas,ADHD,Disgust,1.3446152000688,1
harjas,ADHD,Happiness,0.372225099941715,1
harjas,ADHD,Happiness,0.340176999801769,1
harjas,ADHD,Disgust,0.380709599936381,0
harjas,ADHD,Happiness,0.987206799909472,1
harjas,ADHD,Surprise,2.34867580002173,1
harjas,ADHD,Disgust,4.27652249997481,1
harjas,ADHD,Anger,0.464415299938991,1
harjas,ADHD,Fear,0.476720199920237,0
harjas,ADHD,Fear,3.01163939991965,1
harjas,ADHD,Surprise,5.80237659998238,1
harjas,ADHD,Surprise,1.56969329994171,0
harjas,ADHD,Sadness,0.83212749985978,1
harjas,ADHD,Fear,0.73719729995355,1
harjas,ADHD,Anger,3.7269383999519,1
harjas,ADHD,Happiness,6.50810449989512,0
harjas,ADHD,Sadness,0.563871699851006,0
harjas,ADHD,Anger,1.25220290012657,1
harjas,ADHD,Anger,1.6018101000227,0
harjas,ADHD,Sadness,2.90619250014424,0
harjas,ADHD,Surprise,1.23560569994151,1
harjas,ADHD,Anger,0.469736699946224,1
harjas,ADHD,Anger,6.4889366000425,0
saifpreet,NORMAL,Anger,3.46352969994768,1
saifpreet,NORMAL,Happiness,0.660832700086757,1
saifpreet,NORMAL,Fear,7.92230139998719,1
saifpreet,NORMAL,Anger,1.17167029995471,1
saifpreet,NORMAL,Happiness,0.539471699856221,1
saifpreet,NORMAL,Disgust,1.58560299989767,1
saifpreet,NORMAL,Surprise,0.325075800064951,1
saifpreet,NORMAL,Sadness,8.90101250004954,1
saifpreet,NORMAL,Fear,7.28087310004048,1
saifpreet,NORMAL,Anger,1.18243549996986,1
saifpreet,NORMAL,Surprise,0.544865899952128,1
saifpreet,NORMAL,Sadness,1.55393200018443,1
saifpreet,NORMAL,Sadness,5.44352059997618,0
saifpreet,NORMAL,Sadness,0.380155300023034,1
saifpreet,NORMAL,Fear,1.82760409987531,0
saifpreet,NORMAL,Happiness,0.424966399790719,1
saifpreet,NORMAL,Happiness,0.827528399880975,1
saifpreet,NORMAL,Anger,1.24591759988106,1
saifpreet,NORMAL,Disgust,2.6423691001255,0
saifpreet,NORMAL,Anger,6.57644210010767,0
saifpreet,NORMAL,Happiness,0.328545000171288,1
saifpreet,NORMAL,Fear,3.03450659988448,0
saifpreet,NORMAL,Sadness,0.930494199972599,1
saifpreet,NORMAL,Fear,0.336141799809411,1
saifpreet,NORMAL,Disgust,0.286473199957981,1
saifpreet,NORMAL,Surprise,0.481779300142079,1
saifpreet,NORMAL,Fear,0.862815100001171,0
saifpreet,NORMAL,Disgust,1.05429050000384,1
saifpreet,NORMAL,Disgust,2.44218240003101,0
saifpreet,NORMAL,Disgust,4.49341629981063,1
saifpreet,NORMAL,Anger,0.63955680001527,1
saifpreet,NORMAL,Happiness,0.255811100127175,1
saifpreet,NORMAL,Surprise,3.70806910004466,1
saifpreet,NORMAL,Sadness,1.02456829999573,1
saifpreet,NORMAL,Fear,2.47251140000298,0
saifpreet,NORMAL,Fear,0.996847700094804,0
saifpreet,NORMAL,Anger,1.16523790010251,1
saifpreet,NORMAL,Surprise,0.485135999973863,1
saifpreet,NORMAL,Surprise,0.612672100076451,1
saifpreet,NORMAL,Happiness,1.20990349981002,1
saifpreet,NORMAL,Anger,0.461394799873232,1
saifpreet,NORMAL,Surprise,0.380794400116428,1
saifpreet,NORMAL,Sadness,5.80554989981465,1
saifpreet,NORMAL,Surprise,0.439595500007271,1
saifpreet,NORMAL,Disgust,0.312910799868404,1
saifpreet,NORMAL,Sadness,3.69518720009364,1
saifpreet,NORMAL,Disgust,0.878317499998956,1
saifpreet,NORMAL,Happiness,0.374192900024354,1
ritham,ADHD,Surprise,3.34019880020059,1
ritham,ADHD,Happiness,2.94468359998427,1
ritham,ADHD,Fear,3.0699814998079,1
ritham,ADHD,Anger,5.11382059985771,0
ritham,ADHD,Disgust,5.06131010013632,0
ritham,ADHD,Disgust,7.5768007999286,1
ritham,ADHD,Happiness,3.13340719998814,1
ritham,ADHD,Anger,4.17358089983463,1
ritham,ADHD,Happiness,2.69074969994835,0
ritham,ADHD,Happiness,1.62572499993257,1
ritham,ADHD,Disgust,3.22022020001895,1
ritham,ADHD,Surprise,1.57623669994063,1
ritham,ADHD,Disgust,2.73713489994406,0
ritham,ADHD,Disgust,2.90804889984428,1
ritham,ADHD,Anger,1.75075770006515,1
ritham,ADHD,Fear,0.359141400083899,0
ritham,ADHD,Anger,6.87504830001853,0
ritham,ADHD,Fear,0.642878599930554,0
ritham,ADHD,Surprise,3.30412540002726,1
ritham,ADHD,Surprise,0.211793599883094,1
ritham,ADHD,Fear,3.28892439999617,0
ritham,ADHD,Sadness,2.4940491002053,1
ritham,ADHD,Disgust,1.3787104000803,0
ritham,ADHD,Fear,0.202560500008985,0
ritham,ADHD,Disgust,4.94481020001694,1
ritham,ADHD,Anger,1.41534120007418,1
ritham,ADHD,Happiness,0.286888499977067,1
ritham,ADHD,Anger,0.417622599983587,1
ritham,ADHD,Fear,0.224249100079759,0
ritham,ADHD,Anger,2.16934809996746,1
ritham,ADHD,Surprise,0.358375300187617,1
ritham,ADHD,Fear,1.57071310002356,0
ritham,ADHD,Fear,0.278210799908265,0
ritham,ADHD,Sadness,4.6937012001872,1
ritham,ADHD,Sadness,4.36105119995772,0
ritham,ADHD,Sadness,1.70096729998476,1
ritham,ADHD,Happiness,0.377322999993339,1
ritham,ADHD,Surprise,0.852500499924644,1
ritham,ADHD,Happiness,0.298422199906781,1
ritham,ADHD,Sadness,0.908173199975863,0
ritham,ADHD,Surprise,0.770356199936941,1
Jasdeep singh,NORMAL,Anger,0.873940699733793,0
Jasdeep singh,NORMAL,Surprise,6.48702489957213,1
Jasdeep singh,NORMAL,Anger,0.813175399787724,1
Jasdeep singh,NORMAL,Happiness,0.318534099496901,1
Jasdeep singh,NORMAL,Happiness,1.42250080034136,0
Jasdeep singh,NORMAL,Happiness,0.788610000163316,1
Jasdeep singh,NORMAL,Fear,0.57890379987657,0
Jasdeep singh,NORMAL,Happiness,2.37431430071592,1
Jasdeep singh,NORMAL,Fear,4.89135190006345,1
Jasdeep singh,NORMAL,Sadness,0.240541099570691,1
Jasdeep singh,NORMAL,Sadness,1.94869730062782,0
Jasdeep singh,NORMAL,Disgust,1.29213839955627,0
Jasdeep singh,NORMAL,Disgust,0.337032100185751,0
Jasdeep singh,NORMAL,Sadness,4.39551630057394,1
Jasdeep singh,NORMAL,Disgust,0.300133899785578,1
Jasdeep singh,NORMAL,Surprise,4.36325900070369,0
Jasdeep singh,NORMAL,Fear,7.6249051997438,0
Jasdeep singh,NORMAL,Surprise,0.350963699631392,0
Jasdeep singh,NORMAL,Anger,0.384960999712348,0
Jasdeep singh,NORMAL,Surprise,0.680356099270284,1
Jasdeep singh,NORMAL,Happiness,0.289773199707269,1
Jasdeep singh,NORMAL,Disgust,2.19656400009989,0
Jasdeep singh,NORMAL,Disgust,4.99952450022101,0
Jasdeep singh,NORMAL,Happiness,0.321808700449764,1
Jasdeep singh,NORMAL,Sadness,1.76091239973902,0
Jasdeep singh,NORMAL,Happiness,0.265771099366247,1
Jasdeep singh,NORMAL,Surprise,0.296971700154244,1
Jasdeep singh,NORMAL,Fear,0.330986900255084,0
Jasdeep singh,NORMAL,Disgust,0.28036790061742,0
Jasdeep singh,NORMAL,Fear,5.73994609992951,0
Jasdeep singh,NORMAL,Disgust,0.334241699427366,1
Jasdeep singh,NORMAL,Anger,0.400960300117731,1
Jasdeep singh,NORMAL,Sadness,0.384172299876809,1
Jasdeep singh,NORMAL,Anger,4.43611160013824,1
Jasdeep singh,NORMAL,Anger,5.56257740035653,0
Jasdeep singh,NORMAL,Anger,3.59063659980893,0
Jasdeep singh,NORMAL,Disgust,5.62577790021896,0
Jasdeep singh,NORMAL,Happiness,0.257579499855637,1
Jasdeep singh,NORMAL,Fear,2.21917460020631,0
Jasdeep singh,NORMAL,Sadness,1.89994040038436,0
Jasdeep singh,NORMAL,Fear,0.240952800028026,0
Jasdeep singh,NORMAL,Surprise,2.31198539957404,0
Jasdeep singh,NORMAL,Sadness,0.416367199271917,1
Jasdeep singh,NORMAL,Surprise,2.66135469917207,1
Jasdeep singh,NORMAL,Anger,1.10273919999599,0
Jasdeep singh,NORMAL,Sadness,3.27096359990537,0
amay,NORMAL,Happiness,0.403300200589001,1
amay,NORMAL,Sadness,1.14878770057111,1
amay,NORMAL,Happiness,1.17480350006371,1
amay,NORMAL,Fear,5.44444769993424,1
amay,NORMAL,Happiness,1.03685590066015,1
amay,NORMAL,Disgust,0.272417900152504,1
amay,NORMAL,Surprise,1.13501940015703,1
amay,NORMAL,Surprise,0.258117300458252,0
amay,NORMAL,Fear,0.714714899659156,0
amay,NORMAL,Anger,7.92875519953668,1
amay,NORMAL,Disgust,0.498837999999523,1
amay,NORMAL,Disgust,3.99524930026382,0
amay,NORMAL,Sadness,8.89315399993211,1
amay,NORMAL,Surprise,2.47141870018094,0
amay,NORMAL,Fear,1.07526159938424,0
amay,NORMAL,Happiness,1.31235760077834,1
amay,NORMAL,Surprise,0.448308800347149,1
amay,NORMAL,Happiness,0.236182400025427,1
amay,NORMAL,Disgust,0.278046099469065,1
amay,NORMAL,Anger,2.80837409943342,1
amay,NORMAL,Happiness,0.207583799958229,1
amay,NORMAL,Anger,2.27246940042823,1
amay,NORMAL,Sadness,1.96611980069428,1
amay,NORMAL,Disgust,0.417082300409674,0
amay,NORMAL,Anger,0.747709400020539,1
amay,NORMAL,Surprise,0.2026904001832,1
amay,NORMAL,Anger,4.32708179950714,1
amay,NORMAL,Disgust,2.30173330008983,1
amay,NORMAL,Sadness,0.311683200299739,1
amay,NORMAL,Fear,1.88115129992365,0
amay,NORMAL,Anger,2.14766629971563,0
amay,NORMAL,Sadness,1.28950159996747,0
amay,NORMAL,Surprise,0.491505900397896,1
amay,NORMAL,Happiness,0.211039099842309,1
amay,NORMAL,Fear,2.24634880013763,0
amay,NORMAL,Anger,0.300615199841558,0
amay,NORMAL,Disgust,1.32543980050832,1
amay,NORMAL,Sadness,2.07089869957417,1
amay,NORMAL,Surprise,5.08076580055058,1
amay,NORMAL,Sadness,0.355187499895691,1
amay,NORMAL,Disgust,1.37008010037243,1
amay,NORMAL,Anger,4.07371420040726,0
simardeep,NORMAL,Disgust,1.22540310025215,0
simardeep,NORMAL,Fear,0.900702500715851,0
simardeep,NORMAL,Surprise,0.348481100052595,0
simardeep,NORMAL,Sadness,3.79947840049862,0
simardeep,NORMAL,Fear,0.854975099675357,0
simardeep,NORMAL,Sadness,2.2902154000476,0
simardeep,NORMAL,Surprise,0.640286199748516,0
simardeep,NORMAL,Disgust,1.59646840021014,1
simardeep,NORMAL,Disgust,0.657090000808239,1
simardeep,NORMAL,Fear,0.418933300301432,1
simardeep,NORMAL,Happiness,0.814986200071871,1
simardeep,NORMAL,Fear,0.813671000301837,0
simardeep,NORMAL,Surprise,2.37537390086799,0
simardeep,NORMAL,Happiness,0.365809399634599,1
simardeep,NORMAL,Disgust,1.25954840052872,1
simardeep,NORMAL,Sadness,0.424296900629997,1
simardeep,NORMAL,Fear,2.38789230026304,1
simardeep,NORMAL,Surprise,4.75265490077436,0
simardeep,NORMAL,Disgust,1.62134779989719,1
simardeep,NORMAL,Sadness,8.65417400002479,0
simardeep,NORMAL,Happiness,0.96406780090183,1
simardeep,NORMAL,Anger,1.41025040019303,0
simardeep,NORMAL,Anger,0.452234399504959,0
simardeep,NORMAL,Disgust,5.49884639959782,1
simardeep,NORMAL,Anger,1.46836620010435,1
simardeep,NORMAL,Fear,2.18879349995404,0
simardeep,NORMAL,Surprise,0.269839799962937,0
simardeep,NORMAL,Fear,2.74221679940819,0
simardeep,NORMAL,Anger,1.25710049923509,0
simardeep,NORMAL,Sadness,0.827031600289046,1
simardeep,NORMAL,Surprise,0.98238689918071,0
simardeep,NORMAL,Anger,1.50046070013195,0
simardeep,NORMAL,Anger,4.11062589939683,1
simardeep,NORMAL,Happiness,0.546784499660134,1
simardeep,NORMAL,Happiness,0.246286200359463,1
simardeep,NORMAL,Happiness,0.300290999934077,1
simardeep,NORMAL,Sadness,0.956491500139236,1
simardeep,NORMAL,Happiness,0.213159799575805,1
simardeep,NORMAL,Anger,2.31975229922682,0
simardeep,NORMAL,Disgust,0.493688900023698,0
simardeep,NORMAL,Sadness,0.723837699741125,1
simardeep,NORMAL,Surprise,0.25083540007472,0
simardeep,NORMAL,Fear,0.207550399936735,0
chunmun,NORMAL,Disgust,5.17743510007858,0
chunmun,NORMAL,Sadness,4.90231799986213,0
chunmun,NORMAL,Anger,3.01086680032312,1
chunmun,NORMAL,Sadness,0.498496299609541,0
chunmun,NORMAL,Sadness,4.57438839972019,0
chunmun,NORMAL,Anger,0.324916800484061,1
chunmun,NORMAL,Disgust,1.07223400007933,0
chunmun,NORMAL,Anger,0.212688099592924,1
chunmun,NORMAL,Happiness,0.220275500789284,1
chunmun,NORMAL,Fear,1.35033889953047,0
chunmun,NORMAL,Disgust,1.10055740084499,1
chunmun,NORMAL,Surprise,0.574170799925923,1
chunmun,NORMAL,Fear,0.354046099819242,1
chunmun,NORMAL,Sadness,4.36810010019689,0
chunmun,NORMAL,Fear,3.96405700035393,0
chunmun,NORMAL,Fear,2.15381290018558,1
chunmun,NORMAL,Disgust,5.6509953001514,0
chunmun,NORMAL,Surprise,0.978980300016701,0
chunmun,NORMAL,Sadness,0.634139600209891,1
chunmun,NORMAL,Sadness,1.24649749975651,1
chunmun,NORMAL,Anger,1.2375667002052,1
chunmun,NORMAL,Fear,1.83258030004799,1
chunmun,NORMAL,Fear,2.93602610006928,0
chunmun,NORMAL,Sadness,1.9878337001428,0
chunmun,NORMAL,Happiness,1.02950819954276,1
chunmun,NORMAL,Happiness,1.39270399976521,1
chunmun,NORMAL,Sadness,1.06162029970437,0
chunmun,NORMAL,Happiness,0.952042499557137,1
chunmun,NORMAL,Surprise,4.22894650045782,0
chunmun,NORMAL,Disgust,3.58445569965988,0
chunmun,NORMAL,Disgust,0.236399699933826,1
chunmun,NORMAL,Anger,1.64608220010995,1
chunmun,NORMAL,Surprise,1.33890549931675,0
chunmun,NORMAL,Anger,0.670779099687933,1
chunmun,NORMAL,Disgust,0.31763509940356,0
chunmun,NORMAL,Happiness,0.733467600308358,1
chunmun,NORMAL,Surprise,1.61060629971325,0
chunmun,NORMAL,Disgust,2.32538980059325,0
chunmun,NORMAL,Surprise,0.278195300139486,0
chunmun,NORMAL,Anger,2.22097430005669,1
chunmun,NORMAL,Surprise,1.51509819924831,0
chunmun,NORMAL,Happiness,0.291440799832344,1
harman,ADHD,Happiness,0.368499199859797,1
harman,ADHD,Surprise,5.62870809994638,1
harman,ADHD,Anger,6.76681060064584,0
harman,ADHD,Fear,0.724864900112152,0
harman,ADHD,Surprise,0.334001399576663,0
harman,ADHD,Happiness,0.258194100111722,1
harman,ADHD,Sadness,0.214021899737417,1
harman,ADHD,Anger,2.6451108995825,1
harman,ADHD,Surprise,0.2568234000355,0
harman,ADHD,Fear,2.41783029958605,0
harman,ADHD,Anger,6.57085289992392,0
harman,ADHD,Sadness,0.213771199807524,1
harman,ADHD,Fear,0.340824800543487,0
harman,ADHD,Happiness,0.3605279000476,1
harman,ADHD,Happiness,0.202836300246417,1
harman,ADHD,Fear,0.328891200013458,1
harman,ADHD,Sadness,0.277083399705588,1
harman,ADHD,Anger,0.580149400047957,1
harman,ADHD,Disgust,5.24607050046324,1
harman,ADHD,Anger,1.01505469996482,1
harman,ADHD,Disgust,0.375393399968743,1
harman,ADHD,Sadness,2.59747160039842,1
harman,ADHD,Surprise,0.277596000581979,0
harman,ADHD,Sadness,0.310144900344312,1
harman,ADHD,Surprise,2.92547960020601,1
harman,ADHD,Sadness,2.73293489962816,1
harman,ADHD,Happiness,0.491978100501,1
harman,ADHD,Anger,0.209764500148594,0
harman,ADHD,Anger,4.60718860011547,0
harman,ADHD,Happiness,0.313295699656009,1
harman,ADHD,Fear,0.349159399978816,1
harman,ADHD,Surprise,0.248057899996638,0
harman,ADHD,Disgust,0.356178199872374,0
harman,ADHD,Disgust,1.16150349937379,1
harman,ADHD,Happiness,0.696234099566936,1
harman,ADHD,Fear,5.14952830038964,0
harman,ADHD,Surprise,0.324465200304985,0
harman,ADHD,Fear,0.636370999738574,1
harman,ADHD,Surprise,0.335635599680244,0
harman,ADHD,Anger,0.680977599695324,1
harman,ADHD,Disgust,1.91579889971762,1
hammad,ADHD,Sadness,5.93946999963372,1
hammad,ADHD,Happiness,0.285727799870073,1
hammad,ADHD,Surprise,1.82893020007759,1
hammad,ADHD,Fear,4.50634989980608,1
hammad,ADHD,Fear,0.53124380018562,0
hammad,ADHD,Surprise,4.84583360049873,0
hammad,ADHD,Happiness,1.18907650001347,1
hammad,ADHD,Happiness,2.62709829956293,1
hammad,ADHD,Happiness,4.28234759997576,1
hammad,ADHD,Anger,1.11115369945764,0
hammad,ADHD,Anger,7.06547129992395,0
hammad,ADHD,Fear,6.02541690040379,1
hammad,ADHD,Surprise,6.55548840016126,1
hammad,ADHD,Happiness,0.913334500044584,1
hammad,ADHD,Disgust,6.30300129950046,1
hammad,ADHD,Disgust,8.39100660011172,1
hammad,ADHD,Happiness,0.293343800120055,1
hammad,ADHD,Surprise,1.16919769998639,1
hammad,ADHD,Surprise,4.17258139979094,1
hammad,ADHD,Disgust,0.308883500285446,0
hammad,ADHD,Anger,1.8786346996203,0
hammad,ADHD,Fear,0.276152700185775,0
hammad,ADHD,Sadness,2.94370980001986,1
hammad,ADHD,Sadness,3.08826680015772,1
hammad,ADHD,Sadness,0.229080400429666,1
hammad,ADHD,Anger,5.94548389967531,0
hammad,ADHD,Fear,1.19069890026003,0
hammad,ADHD,Sadness,0.759672400541603,1
hammad,ADHD,Happiness,0.246278599835932,1
hammad,ADHD,Anger,5.72143140062689,0
hammad,ADHD,Fear,3.14120119996368,0
hammad,ADHD,Sadness,5.46269540023058,0
hammad,ADHD,Disgust,4.94298719987273,1
hammad,ADHD,Surprise,3.08189749997109,0
hammad,ADHD,Surprise,2.22712660022079,0
hammad,ADHD,Fear,3.29870990011841,0
vivaan,AUTISM,Anger,1.51598229911178,1
vivaan,AUTISM,Sadness,1.35172569938004,0
vivaan,AUTISM,Disgust,4.79925500042736,0
vivaan,AUTISM,Fear,2.5024441992864,0
vivaan,AUTISM,Surprise,2.05878299940377,0
vivaan,AUTISM,Fear,1.65389269962906,0
vivaan,AUTISM,Sadness,3.21939470060169,1
vivaan,AUTISM,Fear,2.76027119997888,0
vivaan,AUTISM,Disgust,4.8300242992118,0
vivaan,AUTISM,Surprise,2.68864009995013,0
vivaan,AUTISM,Happiness,2.06978160049766,0
vivaan,AUTISM,Happiness,3.65544330049306,0
vivaan,AUTISM,Surprise,2.21386740077286,1
vivaan,AUTISM,Disgust,9.39812019933015,0
vivaan,AUTISM,Sadness,8.24459469970315,0
vivaan,AUTISM,Disgust,0.464677500538527,0
vivaan,AUTISM,Happiness,4.61250190064311,0
vivaan,AUTISM,Happiness,0.332249600440263,1
vivaan,AUTISM,Surprise,9.99684450030326,0
vivaan,AUTISM,Disgust,4.88083530031144,0
vivaan,AUTISM,Surprise,9.98895480018109,1
vivaan,AUTISM,Anger,0.597500899806618,1
vivaan,AUTISM,Fear,1.03711379971355,0
vivaan,AUTISM,Fear,0.876607600599527,0
vivaan,AUTISM,Disgust,0.26109239924699,0
vivaan,AUTISM,Fear,8.47264610044658,0
vivaan,AUTISM,Anger,1.26491940021514,0
vivaan,AUTISM,Surprise,0.739156699739396,0
vivaan,AUTISM,Surprise,0.339640099555254,0
vivaan,AUTISM,Sadness,8.44908230006694,0
vivaan,AUTISM,Anger,1.84106699936091,0
vivaan,AUTISM,Happiness,7.83087230008095,1
vivaan,AUTISM,Fear,3.71552009973675,0
vivaan,AUTISM,Disgust,1.40547849982976,0
vivaan,AUTISM,Surprise,0.22673220001161,0
vivaan,AUTISM,Anger,0.305575800128281,1
vivaan,AUTISM,Anger,5.45208969991654,0
vivaan,AUTISM,Happiness,0.733283900655806,1
manit,AUTISM,Happiness,4.40702549926936,1
manit,AUTISM,Anger,4.78040239959955,1
manit,AUTISM,Disgust,1.27378300018608,0
manit,AUTISM,Surprise,0.37517699971795,0
manit,AUTISM,Sadness,1.30396099947392,1
manit,AUTISM,Surprise,1.22753490041941,0
manit,AUTISM,Happiness,2.73866039980202,1
manit,AUTISM,Surprise,1.6887260004878,0
manit,AUTISM,Fear,1.10245880018919,0
manit,AUTISM,Happiness,0.339376299642026,1
manit,AUTISM,Fear,0.606094799935817,0
manit,AUTISM,Fear,4.80609889980405,1
manit,AUTISM,Fear,4.79150119982659,0
manit,AUTISM,Disgust,4.52202729973942,0
manit,AUTISM,Anger,3.69665580056607,0
manit,AUTISM,Surprise,1.2856042003259,0
manit,AUTISM,Surprise,2.29362550005316,0
manit,AUTISM,Happiness,0.387251700274646,1
manit,AUTISM,Anger,3.185107300058,1
manit,AUTISM,Sadness,0.355857199989259,1
manit,AUTISM,Disgust,7.02129339985549,0
manit,AUTISM,Fear,0.209443099796772,0
manit,AUTISM,Anger,9.10328800044953,0
manit,AUTISM,Disgust,3.74785450007766,0
manit,AUTISM,Fear,2.76050129998475,0
manit,AUTISM,Anger,1.57764660008251,0
manit,AUTISM,Disgust,2.96492399927228,0
manit,AUTISM,Sadness,9.60147239919751,0
manit,AUTISM,Anger,1.80504580028355,0
manit,AUTISM,Happiness,0.256894900463521,1
manit,AUTISM,Sadness,2.10042569972574,1
manit,AUTISM,Sadness,0.324009799398481,1
manit,AUTISM,Surprise,1.20193289965391,0
manit,AUTISM,Sadness,5.03465269971638,0
manit,AUTISM,Sadness,1.53314889967441,1
tanay,ADHD,Happiness,0.245351900346577,1
tanay,ADHD,Disgust,8.38819959945976,1
tanay,ADHD,Fear,4.21394659951329,0
tanay,ADHD,Happiness,0.272425199858844,1
tanay,ADHD,Surprise,0.272308000363409,1
tanay,ADHD,Anger,1.44405240006744,0
tanay,ADHD,Surprise,0.272861899808049,0
tanay,ADHD,Anger,3.70806459989398,0
tanay,ADHD,Sadness,4.9758383994922,1
tanay,ADHD,Disgust,3.31802789960056,1
tanay,ADHD,Fear,5.66922419983893,0
tanay,ADHD,Sadness,0.472017799504101,1
tanay,ADHD,Sadness,2.12062379997223,0
tanay,ADHD,Anger,2.24470859952271,1
tanay,ADHD,Sadness,7.6528414003551,1
tanay,ADHD,Anger,1.14832169935107,1
tanay,ADHD,Disgust,0.239444999955594,0
tanay,ADHD,Fear,3.2326291995123,0
tanay,ADHD,Disgust,6.60718110017478,0
tanay,ADHD,Fear,1.81777099985629,0
tanay,ADHD,Surprise,2.22372190002352,1
tanay,ADHD,Disgust,0.240072600543499,1
tanay,ADHD,Happiness,0.221256799995899,1
tanay,ADHD,Fear,6.90429370012134,1
tanay,ADHD,Surprise,2.27544210013002,1
tanay,ADHD,Fear,1.93743219971656,1
tanay,ADHD,Sadness,4.08079280052334,1
tanay,ADHD,Fear,1.0165435001254,0
tanay,ADHD,Surprise,0.278357000090181,0
tanay,ADHD,Anger,0.281672599725425,0
tanay,ADHD,Happiness,0.279203300364315,1
tanay,ADHD,Fear,0.316430700011551,0
tanay,ADHD,Surprise,1.58353030029684,0
devansh,NORMAL,Disgust,2.91589310020208,1
devansh,NORMAL,Happiness,1.09796959999948,1
devansh,NORMAL,Anger,4.28156669996678,0
devansh,NORMAL,Disgust,2.45319430064409,0
devansh,NORMAL,Anger,8.06156569998711,0
devansh,NORMAL,Disgust,3.75844740029424,1
devansh,NORMAL,Happiness,0.587793599814176,1
devansh,NORMAL,Sadness,1.72526199929416,0
devansh,NORMAL,Surprise,1.98077510017901,1
devansh,NORMAL,Surprise,7.98824360035359,0
devansh,NORMAL,Surprise,0.360294399783015,1
devansh,NORMAL,Happiness,2.23995400033891,1
devansh,NORMAL,Fear,2.70777789968997,1
devansh,NORMAL,Disgust,0.766418700106442,1
devansh,NORMAL,Anger,5.14514330029487,0
devansh,NORMAL,Sadness,5.42861709930002,1
devansh,NORMAL,Anger,3.71701760031282,1
devansh,NORMAL,Anger,1.02570419944822,1
devansh,NORMAL,Fear,1.50442699994891,1
devansh,NORMAL,Surprise,4.42467089928686,0
devansh,NORMAL,Fear,4.89098799973726,1
devansh,NORMAL,Disgust,3.1393509004265,1
devansh,NORMAL,Sadness,0.606626000255346,1
devansh,NORMAL,Sadness,3.7830180004239,1
devansh,NORMAL,Disgust,5.94977010041475,0
devansh,NORMAL,Anger,1.00510820001363,1
devansh,NORMAL,Surprise,4.78775500040501,0
devansh,NORMAL,Sadness,1.73017850052565,1
devansh,NORMAL,Happiness,0.627357400022447,1
devansh,NORMAL,Happiness,2.79710210021585,1
devansh,NORMAL,Surprise,1.89118679985404,0
devansh,NORMAL,Happiness,0.285697400569915,1
devansh,NORMAL,Fear,0.414747299626469,1
devansh,NORMAL,Anger,3.34717680048197,0
devansh,NORMAL,Fear,0.621297200210392,1
devansh,NORMAL,Sadness,1.56916609965264,0
devansh,NORMAL,Fear,0.60469330009073,0
devansh,NORMAL,Disgust,1.49533569999039,1
devansh,NORMAL,Happiness,0.367767199873924,1
devansh,NORMAL,Anger,1.67689120024442,1
devansh,NORMAL,Surprise,1.01522279996424,0
devansh,NORMAL,Fear,5.68405919987708,0
devansh,NORMAL,Sadness,3.14982880000025,1
devansh,NORMAL,Fear,8.03756930027157,1
devansh,NORMAL,Disgust,0.44364139996469,0
tavraj,ADHD,Happiness,7.91968569999994,1
tavraj,ADHD,Sadness,3.66041760000007,1
tavraj,ADHD,Fear,1.47236069999985,0
tavraj,ADHD,Anger,8.83485100000007,1
tavraj,ADHD,Surprise,0.456196099999942,1
tavraj,ADHD,Sadness,0.292772399999876,1
tavraj,ADHD,Surprise,0.553640899999891,1
tavraj,ADHD,Disgust,0.629836199999999,1
tavraj,ADHD,Sadness,0.483603099999982,0
tavraj,ADHD,Fear,0.252852099999927,0
tavraj,ADHD,Anger,2.00964839999983,0
tavraj,ADHD,Happiness,0.445950000000038,1
tavraj,ADHD,Surprise,0.224878799999942,1
tavraj,ADHD,Surprise,0.922862300000133,1
tavraj,ADHD,Sadness,6.11679839999988,0
tavraj,ADHD,Disgust,9.28911940000011,1
tavraj,ADHD,Anger,2.77072229999998,0
tavraj,ADHD,Happiness,0.25049510000008,1
tavraj,ADHD,Anger,1.37508179999986,0
tavraj,ADHD,Disgust,3.04766200000017,1
tavraj,ADHD,Disgust,5.59003460000008,1
tavraj,ADHD,Sadness,0.412652600000001,0
tavraj,ADHD,Fear,3.94446809999999,0
tavraj,ADHD,Happiness,1.23454579999997,1
tavraj,ADHD,Anger,0.972941499999933,0
tavraj,ADHD,Fear,3.52586780000001,0
tavraj,ADHD,Sadness,1.2870048000002,0
tavraj,ADHD,Anger,0.387920000000121,0
tavraj,ADHD,Happiness,0.680891499999916,1
tavraj,ADHD,Fear,1.63127080000003,0
tavraj,ADHD,Surprise,5.5379456999999,1
tavraj,ADHD,Disgust,3.10496950000015,1
tavraj,ADHD,Disgust,3.35652159999995,1
tavraj,ADHD,Disgust,6.95739729999991,0
tavraj,ADHD,Surprise,3.27744209999991,1
tavraj,ADHD,Fear,2.20352180000008,1
tavraj,ADHD,Anger,0.56541849999985,0
